subject,block,backend,sequence_id,eye,frame_offset,frame_idx,unix_ms,face_detected,face_status,roi_status,image_status,error_code,roi_path,source_width,source_height,source_to_roi_affine,roi_to_source_affine,roi_corners_source,normalized_canthi,canthi_source,reference_kind,locator_box_source,reference_points_source,normalized_reference_points,ear,baseline_open_ear,openness,visible_proxy,p80_closed_proxy,visibility_source
sub-011_,1,yunet-span500,sub-011_-s1,eye_right,0,9441,1786791952687,0,no_face,roi_missing,ok,roi_missing,,1920,1080,,,,,,,,,,,,,,,
sub-011_,1,yunet-span500,sub-011_-s1,eye_left,0,9441,1786791952687,0,no_face,roi_missing,ok,roi_missing,,1920,1080,,,,,,,,,,,,,,,
sub-011_,1,yunet-span500,sub-011_-s1,eye_right,1,9442,1786791952693,0,no_face,roi_missing,ok,roi_missing,,1920,1080,,,,,,,,,,,,,,,
sub-011_,1,yunet-span500,sub-011_-s1,eye_left,1,9442,1786791952693,0,no_face,roi_missing,ok,roi_missing,,1920,1080,,,,,,,,,,,,,,,
sub-011_,1,yunet-span500,sub-011_-s1,eye_right,2,9443,1786791952734,0,no_face,roi_missing,ok,roi_missing,,1920,1080,,,,,,,,,,,,,,,
sub-011_,1,yunet-span500,sub-011_-s1,eye_left,2,9443,1786791952734,0,no_face,roi_missing,ok,roi_missing,,1920,1080,,,,,,,,,,,,,,,
sub-011_,1,yunet-span500,sub-011_-s1,eye_right,3,9444,1786791952769,0,no_face,roi_missing,ok,roi_missing,,1920,1080,,,,,,,,,,,,,,,
sub-011_,1,yunet-span500,sub-011_-s1,eye_left,3,9444,1786791952769,0,no_face,roi_missing,ok,roi_missing,,1920,1080,,,,,,,,,,,,,,,
sub-011_,1,yunet-span500,sub-011_-s1,eye_right,4,9445,1786791952815,0,no_face,roi_missing,ok,roi_missing,,1920,1080,,,,,,,,,,,,,,,
sub-011_,1,yunet-span500,sub-011_-s1,eye_left,4,9445,1786791952815,0,no_face,roi_missing,ok,roi_missing,,1920,1080,,,,,,,,,,,,,,,
sub-011_,1,yunet-span500,sub-011_-s1,eye_right,5,9446,1786791952847,0,no_face,roi_missing,ok,roi_missing,,1920,1080,,,,,,,,,,,,,,,
sub-011_,1,yunet-span500,sub-011_-s1,eye_left,5,9446,1786791952847,0,no_face,roi_missing,ok,roi_missing,,1920,1080,,,,,,,,,,,,,,,
sub-011_,1,yunet-span500,sub-011_-s1,eye_right,6,9447,1786791952855,0,no_face,roi_missing,ok,roi_missing,,1920,1080,,,,,,,,,,,,,,,
sub-011_,1,yunet-span500,sub-011_-s1,eye_left,6,9447,1786791952855,0,no_face,roi_missing,ok,roi_missing,,1920,1080,,,,,,,,,,,,,,,
sub-011_,1,yunet-span500,sub-011_-s1,eye_right,7,9448,1786791952895,0,no_face,roi_missing,ok,roi_missing,,1920,1080,,,,,,,,,,,,,,,
sub-011_,1,yunet-span500,sub-011_-s1,eye_left,7,9448,1786791952895,0,no_face,roi_missing,ok,roi_missing,,1920,1080,,,,,,,,,,,,,,,
sub-011_,1,yunet-span500,sub-011_-s1,eye_right,8,9449,1786791952926,0,no_face,roi_missing,ok,roi_missing,,1920,1080,,,,,,,,,,,,,,,
sub-011_,1,yunet-span500,sub-011_-s1,eye_left,8,9449,1786791952926,0,no_face,roi_missing,ok,roi_missing,,1920,1080,,,,,,,,,,,,,,,
sub-011_,1,yunet-span500,sub-011_-s1,eye_right,9,9450,1786791952974,0,no_face,roi_missing,ok,roi_missing,,1920,1080,,,,,,,,,,,,,,,
sub-011_,1,yunet-span500,sub-011_-s1,eye_left,9,9450,1786791952974,0,no_face,roi_missing,ok,roi_missing,,1920,1080,,,,,,,,,,,,,,,
sub-011_,1,yunet-span500,sub-011_-s1,eye_right,10,9451,1786791953006,0,no_face,roi_missing,ok,roi_missing,,1920,1080,,,,,,,,,,,,,,,
sub-011_,1,yunet-span500,sub-011_-s1,eye_left,10,9451,1786791953006,0,no_face,roi_missing,ok,roi_missing,,1920,1080,,,,,,,,,,,,,,,
sub-011_,1,yunet-span500,sub-011_-s1,eye_right,11,9452,1786791953015,0,no_face,roi_missing,ok,roi_missing,,1920,1080,,,,,,,,,,,,,,,
sub-011_,1,yunet-span500,sub-011_-s1,eye_left,11,9452,1786791953015,0,no_face,roi_missing,ok,roi_missing,,1920,1080,,,,,,,,,,,,,,,
sub-011_,1,yunet-span500,sub-011_-s1,eye_right,12,9453,1786791953087,0,no_face,roi_missing,ok,roi_missing,,1920,1080,,,,,,,,,,,,,,,
sub-011_,1,yunet-span500,sub-011_-s1,eye_left,12,9453,1786791953087,0,no_face,roi_missing,ok,roi_missing,,1920,1080,,,,,,,,,,,,,,,
sub-011_,1,yunet-span500,sub-011_-s1,eye_right,13,9454,1786791953095,0,no_face,roi_missing,ok,roi_missing,,1920,1080,,,,,,,,,,,,,,,
sub-011_,1,yunet-span500,sub-011_-s1,eye_left,13,9454,1786791953095,0,no_face,roi_missing,ok,roi_missing,,1920,1080,,,,,,,,,,,,,,,
sub-011_,1,yunet-span500,sub-011_-s1,eye_right,14,9455,1786791953134,0,no_face,roi_missing,ok,roi_missing,,1920,1080,,,,,,,,,,,,,,,
sub-011_,1,yunet-span500,sub-011_-s1,eye_left,14,9455,1786791953134,0,no_face,roi_missing,ok,roi_missing,,1920,1080,,,,,,,,,,,,,,,
sub-011_,1,yunet-span500,sub-011_-s1,eye_right,15,9456,1786791953165,0,no_face,roi_missing,ok,roi_missing,,1920,1080,,,,,,,,,,,,,,,
sub-011_,1,yunet-span500,sub-011_-s1,eye_left,15,9456,1786791953165,0,no_face,roi_missing,ok,roi_missing,,1920,1080,,,,,,,,,,,,,,,
sub-011_,1,yunet-span500,sub-011_-s1,eye_right,16,9457,1786791953213,0,no_face,roi_missing,ok,roi_missing,,1920,1080,,,,,,,,,,,,,,,
sub-011_,1,yunet-span500,sub-011_-s1,eye_left,16,9457,1786791953213,0,no_face,roi_missing,ok,roi_missing,,1920,1080,,,,,,,,,,,,,,,
sub-011_,1,yunet-span500,sub-011_-s1,eye_right,17,9458,1786791953246,0,no_face,roi_missing,ok,roi_missing,,1920,1080,,,,,,,,,,,,,,,
sub-011_,1,yunet-span500,sub-011_-s1,eye_left,17,9458,1786791953246,0,no_face,roi_missing,ok,roi_missing,,1920,1080,,,,,,,,,,,,,,,
sub-011_,1,yunet-span500,sub-011_-s1,eye_right,18,9459,1786791953252,0,no_face,roi_missing,ok,roi_missing,,1920,1080,,,,,,,,,,,,,,,
sub-011_,1,yunet-span500,sub-011_-s1,eye_left,18,9459,1786791953252,0,no_face,roi_missing,ok,roi_missing,,1920,1080,,,,,,,,,,,,,,,
sub-011_,1,yunet-span500,sub-011_-s1,eye_right,19,9460,1786791953295,0,no_face,roi_missing,ok,roi_missing,,1920,1080,,,,,,,,,,,,,,,
sub-011_,1,yunet-span500,sub-011_-s1,eye_left,19,9460,1786791953295,0,no_face,roi_missing,ok,roi_missing,,1920,1080,,,,,,,,,,,,,,,
sub-011_,1,yunet-span500,sub-011_-s1,eye_right,20,9461,1786791953327,0,no_face,roi_missing,ok,roi_missing,,1920,1080,,,,,,,,,,,,,,,
sub-011_,1,yunet-span500,sub-011_-s1,eye_left,20,9461,1786791953327,0,no_face,roi_missing,ok,roi_missing,,1920,1080,,,,,,,,,,,,,,,
sub-011_,1,yunet-span500,sub-011_-s1,eye_right,21,9462,1786791953374,0,no_face,roi_missing,ok,roi_missing,,1920,1080,,,,,,,,,,,,,,,
sub-011_,1,yunet-span500,sub-011_-s1,eye_left,21,9462,1786791953374,0,no_face,roi_missing,ok,roi_missing,,1920,1080,,,,,,,,,,,,,,,
sub-011_,1,yunet-span500,sub-011_-s1,eye_right,22,9463,1786791953408,0,no_face,roi_missing,ok,roi_missing,,1920,1080,,,,,,,,,,,,,,,
sub-011_,1,yunet-span500,sub-011_-s1,eye_left,22,9463,1786791953408,0,no_face,roi_missing,ok,roi_missing,,1920,1080,,,,,,,,,,,,,,,
sub-011_,1,yunet-span500,sub-011_-s1,eye_right,23,9464,1786791953414,0,no_face,roi_missing,ok,roi_missing,,1920,1080,,,,,,,,,,,,,,,
sub-011_,1,yunet-span500,sub-011_-s1,eye_left,23,9464,1786791953414,0,no_face,roi_missing,ok,roi_missing,,1920,1080,,,,,,,,,,,,,,,
sub-011_,1,yunet-span500,sub-011_-s1,eye_right,24,9465,1786791953488,0,no_face,roi_missing,ok,roi_missing,,1920,1080,,,,,,,,,,,,,,,
sub-011_,1,yunet-span500,sub-011_-s1,eye_left,24,9465,1786791953488,0,no_face,roi_missing,ok,roi_missing,,1920,1080,,,,,,,,,,,,,,,
sub-011_,1,yunet-span500,sub-011_-s1,eye_right,25,9466,1786791953496,0,no_face,roi_missing,ok,roi_missing,,1920,1080,,,,,,,,,,,,,,,
sub-011_,1,yunet-span500,sub-011_-s1,eye_left,25,9466,1786791953496,0,no_face,roi_missing,ok,roi_missing,,1920,1080,,,,,,,,,,,,,,,
sub-011_,1,yunet-span500,sub-011_-s1,eye_right,26,9467,1786791953537,0,no_face,roi_missing,ok,roi_missing,,1920,1080,,,,,,,,,,,,,,,
sub-011_,1,yunet-span500,sub-011_-s1,eye_left,26,9467,1786791953537,0,no_face,roi_missing,ok,roi_missing,,1920,1080,,,,,,,,,,,,,,,
sub-011_,1,yunet-span500,sub-011_-s1,eye_right,27,9468,1786791953565,0,no_face,roi_missing,ok,roi_missing,,1920,1080,,,,,,,,,,,,,,,
sub-011_,1,yunet-span500,sub-011_-s1,eye_left,27,9468,1786791953565,0,no_face,roi_missing,ok,roi_missing,,1920,1080,,,,,,,,,,,,,,,
sub-011_,1,yunet-span500,sub-011_-s1,eye_right,28,9469,1786791953613,0,no_face,roi_missing,ok,roi_missing,,1920,1080,,,,,,,,,,,,,,,
sub-011_,1,yunet-span500,sub-011_-s1,eye_left,28,9469,1786791953613,0,no_face,roi_missing,ok,roi_missing,,1920,1080,,,,,,,,,,,,,,,
sub-011_,1,yunet-span500,sub-011_-s1,eye_right,29,9470,1786791953646,0,no_face,roi_missing,ok,roi_missing,,1920,1080,,,,,,,,,,,,,,,
sub-011_,1,yunet-span500,sub-011_-s1,eye_left,29,9470,1786791953646,0,no_face,roi_missing,ok,roi_missing,,1920,1080,,,,,,,,,,,,,,,
sub-011_,1,yunet-span500,sub-011_-s1,eye_right,30,9471,1786791953652,0,no_face,roi_missing,ok,roi_missing,,1920,1080,,,,,,,,,,,,,,,
sub-011_,1,yunet-span500,sub-011_-s1,eye_left,30,9471,1786791953652,0,no_face,roi_missing,ok,roi_missing,,1920,1080,,,,,,,,,,,,,,,
sub-011_,1,yunet-span500,sub-011_-s1,eye_right,31,9472,1786791953693,0,no_face,roi_missing,ok,roi_missing,,1920,1080,,,,,,,,,,,,,,,
sub-011_,1,yunet-span500,sub-011_-s1,eye_left,31,9472,1786791953693,0,no_face,roi_missing,ok,roi_missing,,1920,1080,,,,,,,,,,,,,,,
sub-011_,1,yunet-span500,sub-011_-s1,eye_right,32,9473,1786791953726,0,no_face,roi_missing,ok,roi_missing,,1920,1080,,,,,,,,,,,,,,,
sub-011_,1,yunet-span500,sub-011_-s1,eye_left,32,9473,1786791953726,0,no_face,roi_missing,ok,roi_missing,,1920,1080,,,,,,,,,,,,,,,
sub-011_,1,yunet-span500,sub-011_-s1,eye_right,33,9474,1786791953780,0,no_face,roi_missing,ok,roi_missing,,1920,1080,,,,,,,,,,,,,,,
sub-011_,1,yunet-span500,sub-011_-s1,eye_left,33,9474,1786791953780,0,no_face,roi_missing,ok,roi_missing,,1920,1080,,,,,,,,,,,,,,,
sub-011_,1,yunet-span500,sub-011_-s1,eye_right,34,9475,1786791953805,0,no_face,roi_missing,ok,roi_missing,,1920,1080,,,,,,,,,,,,,,,
sub-011_,1,yunet-span500,sub-011_-s1,eye_left,34,9475,1786791953805,0,no_face,roi_missing,ok,roi_missing,,1920,1080,,,,,,,,,,,,,,,
sub-011_,1,yunet-span500,sub-011_-s1,eye_right,35,9476,1786791953819,0,no_face,roi_missing,ok,roi_missing,,1920,1080,,,,,,,,,,,,,,,
sub-011_,1,yunet-span500,sub-011_-s1,eye_left,35,9476,1786791953819,0,no_face,roi_missing,ok,roi_missing,,1920,1080,,,,,,,,,,,,,,,
sub-011_,1,yunet-span500,sub-011_-s1,eye_right,36,9477,1786791953887,0,no_face,roi_missing,ok,roi_missing,,1920,1080,,,,,,,,,,,,,,,
sub-011_,1,yunet-span500,sub-011_-s1,eye_left,36,9477,1786791953887,0,no_face,roi_missing,ok,roi_missing,,1920,1080,,,,,,,,,,,,,,,
sub-011_,1,yunet-span500,sub-011_-s1,eye_right,37,9478,1786791953894,0,no_face,roi_missing,ok,roi_missing,,1920,1080,,,,,,,,,,,,,,,
sub-011_,1,yunet-span500,sub-011_-s1,eye_left,37,9478,1786791953894,0,no_face,roi_missing,ok,roi_missing,,1920,1080,,,,,,,,,,,,,,,
sub-011_,1,yunet-span500,sub-011_-s1,eye_right,38,9479,1786791953933,0,no_face,roi_missing,ok,roi_missing,,1920,1080,,,,,,,,,,,,,,,
sub-011_,1,yunet-span500,sub-011_-s1,eye_left,38,9479,1786791953933,0,no_face,roi_missing,ok,roi_missing,,1920,1080,,,,,,,,,,,,,,,
sub-011_,1,yunet-span500,sub-011_-s1,eye_right,39,9480,1786791953966,0,no_face,roi_missing,ok,roi_missing,,1920,1080,,,,,,,,,,,,,,,
sub-011_,1,yunet-span500,sub-011_-s1,eye_left,39,9480,1786791953966,0,no_face,roi_missing,ok,roi_missing,,1920,1080,,,,,,,,,,,,,,,
sub-011_,1,yunet-span500,sub-011_-s1,eye_right,40,9481,1786791954016,0,no_face,roi_missing,ok,roi_missing,,1920,1080,,,,,,,,,,,,,,,
sub-011_,1,yunet-span500,sub-011_-s1,eye_left,40,9481,1786791954016,0,no_face,roi_missing,ok,roi_missing,,1920,1080,,,,,,,,,,,,,,,
sub-011_,1,yunet-span500,sub-011_-s1,eye_right,41,9482,1786791954046,0,no_face,roi_missing,ok,roi_missing,,1920,1080,,,,,,,,,,,,,,,
sub-011_,1,yunet-span500,sub-011_-s1,eye_left,41,9482,1786791954046,0,no_face,roi_missing,ok,roi_missing,,1920,1080,,,,,,,,,,,,,,,
sub-011_,1,yunet-span500,sub-011_-s1,eye_right,42,9483,1786791954053,0,no_face,roi_missing,ok,roi_missing,,1920,1080,,,,,,,,,,,,,,,
sub-011_,1,yunet-span500,sub-011_-s1,eye_left,42,9483,1786791954053,0,no_face,roi_missing,ok,roi_missing,,1920,1080,,,,,,,,,,,,,,,
sub-011_,1,yunet-span500,sub-011_-s1,eye_right,43,9484,1786791954096,0,no_face,roi_missing,ok,roi_missing,,1920,1080,,,,,,,,,,,,,,,
sub-011_,1,yunet-span500,sub-011_-s1,eye_left,43,9484,1786791954096,0,no_face,roi_missing,ok,roi_missing,,1920,1080,,,,,,,,,,,,,,,
sub-011_,1,yunet-span500,sub-011_-s1,eye_right,44,9485,1786791954125,0,no_face,roi_missing,ok,roi_missing,,1920,1080,,,,,,,,,,,,,,,
sub-011_,1,yunet-span500,sub-011_-s1,eye_left,44,9485,1786791954125,0,no_face,roi_missing,ok,roi_missing,,1920,1080,,,,,,,,,,,,,,,
sub-011_,1,yunet-span500,sub-011_-s1,eye_right,45,9486,1786791954175,0,no_face,roi_missing,ok,roi_missing,,1920,1080,,,,,,,,,,,,,,,
sub-011_,1,yunet-span500,sub-011_-s1,eye_left,45,9486,1786791954175,0,no_face,roi_missing,ok,roi_missing,,1920,1080,,,,,,,,,,,,,,,
sub-011_,1,yunet-span500,sub-011_-s1,eye_right,46,9487,1786791954206,0,no_face,roi_missing,ok,roi_missing,,1920,1080,,,,,,,,,,,,,,,
sub-011_,1,yunet-span500,sub-011_-s1,eye_left,46,9487,1786791954206,0,no_face,roi_missing,ok,roi_missing,,1920,1080,,,,,,,,,,,,,,,
sub-011_,1,yunet-span500,sub-011_-s1,eye_right,47,9488,1786791954211,0,no_face,roi_missing,ok,roi_missing,,1920,1080,,,,,,,,,,,,,,,
sub-011_,1,yunet-span500,sub-011_-s1,eye_left,47,9488,1786791954211,0,no_face,roi_missing,ok,roi_missing,,1920,1080,,,,,,,,,,,,,,,
sub-011_,1,yunet-span500,sub-011_-s1,eye_right,48,9489,1786791954286,0,no_face,roi_missing,ok,roi_missing,,1920,1080,,,,,,,,,,,,,,,
sub-011_,1,yunet-span500,sub-011_-s1,eye_left,48,9489,1786791954286,0,no_face,roi_missing,ok,roi_missing,,1920,1080,,,,,,,,,,,,,,,
sub-011_,1,yunet-span500,sub-011_-s1,eye_right,49,9490,1786791954293,0,no_face,roi_missing,ok,roi_missing,,1920,1080,,,,,,,,,,,,,,,
sub-011_,1,yunet-span500,sub-011_-s1,eye_left,49,9490,1786791954293,0,no_face,roi_missing,ok,roi_missing,,1920,1080,,,,,,,,,,,,,,,
sub-011_,1,yunet-span500,sub-011_-s1,eye_right,50,9491,1786791954335,0,no_face,roi_missing,ok,roi_missing,,1920,1080,,,,,,,,,,,,,,,
sub-011_,1,yunet-span500,sub-011_-s1,eye_left,50,9491,1786791954335,0,no_face,roi_missing,ok,roi_missing,,1920,1080,,,,,,,,,,,,,,,
sub-011_,1,yunet-span500,sub-011_-s1,eye_right,51,9492,1786791954365,0,no_face,roi_missing,ok,roi_missing,,1920,1080,,,,,,,,,,,,,,,
sub-011_,1,yunet-span500,sub-011_-s1,eye_left,51,9492,1786791954365,0,no_face,roi_missing,ok,roi_missing,,1920,1080,,,,,,,,,,,,,,,
sub-011_,1,yunet-span500,sub-011_-s1,eye_right,52,9493,1786791954415,0,no_face,roi_missing,ok,roi_missing,,1920,1080,,,,,,,,,,,,,,,
sub-011_,1,yunet-span500,sub-011_-s1,eye_left,52,9493,1786791954415,0,no_face,roi_missing,ok,roi_missing,,1920,1080,,,,,,,,,,,,,,,
sub-011_,1,yunet-span500,sub-011_-s1,eye_right,53,9494,1786791954446,0,no_face,roi_missing,ok,roi_missing,,1920,1080,,,,,,,,,,,,,,,
sub-011_,1,yunet-span500,sub-011_-s1,eye_left,53,9494,1786791954446,0,no_face,roi_missing,ok,roi_missing,,1920,1080,,,,,,,,,,,,,,,
sub-011_,1,yunet-span500,sub-011_-s1,eye_right,54,9495,1786791954453,0,no_face,roi_missing,ok,roi_missing,,1920,1080,,,,,,,,,,,,,,,
sub-011_,1,yunet-span500,sub-011_-s1,eye_left,54,9495,1786791954453,0,no_face,roi_missing,ok,roi_missing,,1920,1080,,,,,,,,,,,,,,,
sub-011_,1,yunet-span500,sub-011_-s1,eye_right,55,9496,1786791954494,0,no_face,roi_missing,ok,roi_missing,,1920,1080,,,,,,,,,,,,,,,
sub-011_,1,yunet-span500,sub-011_-s1,eye_left,55,9496,1786791954494,0,no_face,roi_missing,ok,roi_missing,,1920,1080,,,,,,,,,,,,,,,
sub-011_,1,yunet-span500,sub-011_-s1,eye_right,56,9497,1786791954526,0,no_face,roi_missing,ok,roi_missing,,1920,1080,,,,,,,,,,,,,,,
sub-011_,1,yunet-span500,sub-011_-s1,eye_left,56,9497,1786791954526,0,no_face,roi_missing,ok,roi_missing,,1920,1080,,,,,,,,,,,,,,,
sub-011_,1,yunet-span500,sub-011_-s1,eye_right,57,9498,1786791954574,0,no_face,roi_missing,ok,roi_missing,,1920,1080,,,,,,,,,,,,,,,
sub-011_,1,yunet-span500,sub-011_-s1,eye_left,57,9498,1786791954574,0,no_face,roi_missing,ok,roi_missing,,1920,1080,,,,,,,,,,,,,,,
sub-011_,1,yunet-span500,sub-011_-s1,eye_right,58,9499,1786791954606,0,no_face,roi_missing,ok,roi_missing,,1920,1080,,,,,,,,,,,,,,,
sub-011_,1,yunet-span500,sub-011_-s1,eye_left,58,9499,1786791954606,0,no_face,roi_missing,ok,roi_missing,,1920,1080,,,,,,,,,,,,,,,
sub-011_,1,yunet-span500,sub-011_-s1,eye_right,59,9500,1786791954613,0,no_face,roi_missing,ok,roi_missing,,1920,1080,,,,,,,,,,,,,,,
sub-011_,1,yunet-span500,sub-011_-s1,eye_left,59,9500,1786791954613,0,no_face,roi_missing,ok,roi_missing,,1920,1080,,,,,,,,,,,,,,,
sub-011_,1,yunet-span500,sub-011_-s1,eye_right,60,9501,1786791954686,0,no_face,roi_missing,ok,roi_missing,,1920,1080,,,,,,,,,,,,,,,
sub-011_,1,yunet-span500,sub-011_-s1,eye_left,60,9501,1786791954686,0,no_face,roi_missing,ok,roi_missing,,1920,1080,,,,,,,,,,,,,,,
sub-011_,1,yunet-span500,sub-011_-s1,eye_right,61,9502,1786791954693,0,no_face,roi_missing,ok,roi_missing,,1920,1080,,,,,,,,,,,,,,,
sub-011_,1,yunet-span500,sub-011_-s1,eye_left,61,9502,1786791954693,0,no_face,roi_missing,ok,roi_missing,,1920,1080,,,,,,,,,,,,,,,
sub-011_,1,yunet-span500,sub-011_-s1,eye_right,62,9503,1786791954735,0,no_face,roi_missing,ok,roi_missing,,1920,1080,,,,,,,,,,,,,,,
sub-011_,1,yunet-span500,sub-011_-s1,eye_left,62,9503,1786791954735,0,no_face,roi_missing,ok,roi_missing,,1920,1080,,,,,,,,,,,,,,,
sub-011_,1,yunet-span500,sub-011_-s1,eye_right,63,9504,1786791954765,0,no_face,roi_missing,ok,roi_missing,,1920,1080,,,,,,,,,,,,,,,
sub-011_,1,yunet-span500,sub-011_-s1,eye_left,63,9504,1786791954765,0,no_face,roi_missing,ok,roi_missing,,1920,1080,,,,,,,,,,,,,,,
sub-011_,1,yunet-span500,sub-011_-s1,eye_right,64,9505,1786791954815,0,no_face,roi_missing,ok,roi_missing,,1920,1080,,,,,,,,,,,,,,,
sub-011_,1,yunet-span500,sub-011_-s1,eye_left,64,9505,1786791954815,0,no_face,roi_missing,ok,roi_missing,,1920,1080,,,,,,,,,,,,,,,
sub-011_,1,yunet-span500,sub-011_-s1,eye_right,65,9506,1786791954846,0,no_face,roi_missing,ok,roi_missing,,1920,1080,,,,,,,,,,,,,,,
sub-011_,1,yunet-span500,sub-011_-s1,eye_left,65,9506,1786791954846,0,no_face,roi_missing,ok,roi_missing,,1920,1080,,,,,,,,,,,,,,,
sub-011_,1,yunet-span500,sub-011_-s1,eye_right,66,9507,1786791954852,0,no_face,roi_missing,ok,roi_missing,,1920,1080,,,,,,,,,,,,,,,
sub-011_,1,yunet-span500,sub-011_-s1,eye_left,66,9507,1786791954852,0,no_face,roi_missing,ok,roi_missing,,1920,1080,,,,,,,,,,,,,,,
sub-011_,1,yunet-span500,sub-011_-s1,eye_right,67,9508,1786791954894,0,no_face,roi_missing,ok,roi_missing,,1920,1080,,,,,,,,,,,,,,,
sub-011_,1,yunet-span500,sub-011_-s1,eye_left,67,9508,1786791954894,0,no_face,roi_missing,ok,roi_missing,,1920,1080,,,,,,,,,,,,,,,
sub-011_,1,yunet-span500,sub-011_-s1,eye_right,68,9509,1786791954925,0,no_face,roi_missing,ok,roi_missing,,1920,1080,,,,,,,,,,,,,,,
sub-011_,1,yunet-span500,sub-011_-s1,eye_left,68,9509,1786791954925,0,no_face,roi_missing,ok,roi_missing,,1920,1080,,,,,,,,,,,,,,,
sub-011_,1,yunet-span500,sub-011_-s1,eye_right,69,9510,1786791954974,0,no_face,roi_missing,ok,roi_missing,,1920,1080,,,,,,,,,,,,,,,
sub-011_,1,yunet-span500,sub-011_-s1,eye_left,69,9510,1786791954974,0,no_face,roi_missing,ok,roi_missing,,1920,1080,,,,,,,,,,,,,,,
sub-011_,1,yunet-span500,sub-011_-s1,eye_right,70,9511,1786791955006,0,no_face,roi_missing,ok,roi_missing,,1920,1080,,,,,,,,,,,,,,,
sub-011_,1,yunet-span500,sub-011_-s1,eye_left,70,9511,1786791955006,0,no_face,roi_missing,ok,roi_missing,,1920,1080,,,,,,,,,,,,,,,
sub-011_,1,yunet-span500,sub-011_-s1,eye_right,71,9512,1786791955015,0,no_face,roi_missing,ok,roi_missing,,1920,1080,,,,,,,,,,,,,,,
sub-011_,1,yunet-span500,sub-011_-s1,eye_left,71,9512,1786791955015,0,no_face,roi_missing,ok,roi_missing,,1920,1080,,,,,,,,,,,,,,,
sub-011_,1,yunet-span500,sub-011_-s1,eye_right,72,9513,1786791955087,0,no_face,roi_missing,ok,roi_missing,,1920,1080,,,,,,,,,,,,,,,
sub-011_,1,yunet-span500,sub-011_-s1,eye_left,72,9513,1786791955087,0,no_face,roi_missing,ok,roi_missing,,1920,1080,,,,,,,,,,,,,,,
sub-011_,1,yunet-span500,sub-011_-s1,eye_right,73,9514,1786791955096,0,no_face,roi_missing,ok,roi_missing,,1920,1080,,,,,,,,,,,,,,,
sub-011_,1,yunet-span500,sub-011_-s1,eye_left,73,9514,1786791955096,0,no_face,roi_missing,ok,roi_missing,,1920,1080,,,,,,,,,,,,,,,
sub-011_,1,yunet-span500,sub-011_-s1,eye_right,74,9515,1786791955134,0,no_face,roi_missing,ok,roi_missing,,1920,1080,,,,,,,,,,,,,,,
sub-011_,1,yunet-span500,sub-011_-s1,eye_left,74,9515,1786791955134,0,no_face,roi_missing,ok,roi_missing,,1920,1080,,,,,,,,,,,,,,,
sub-011_,1,yunet-span500,sub-011_-s1,eye_right,75,9516,1786791955166,0,no_face,roi_missing,ok,roi_missing,,1920,1080,,,,,,,,,,,,,,,
sub-011_,1,yunet-span500,sub-011_-s1,eye_left,75,9516,1786791955166,0,no_face,roi_missing,ok,roi_missing,,1920,1080,,,,,,,,,,,,,,,
sub-011_,1,yunet-span500,sub-011_-s1,eye_right,76,9517,1786791955215,0,no_face,roi_missing,ok,roi_missing,,1920,1080,,,,,,,,,,,,,,,
sub-011_,1,yunet-span500,sub-011_-s1,eye_left,76,9517,1786791955215,0,no_face,roi_missing,ok,roi_missing,,1920,1080,,,,,,,,,,,,,,,
sub-011_,1,yunet-span500,sub-011_-s1,eye_right,77,9518,1786791955222,0,no_face,roi_missing,ok,roi_missing,,1920,1080,,,,,,,,,,,,,,,
sub-011_,1,yunet-span500,sub-011_-s1,eye_left,77,9518,1786791955222,0,no_face,roi_missing,ok,roi_missing,,1920,1080,,,,,,,,,,,,,,,
sub-011_,1,yunet-span500,sub-011_-s1,eye_right,78,9519,1786791955246,0,no_face,roi_missing,ok,roi_missing,,1920,1080,,,,,,,,,,,,,,,
sub-011_,1,yunet-span500,sub-011_-s1,eye_left,78,9519,1786791955246,0,no_face,roi_missing,ok,roi_missing,,1920,1080,,,,,,,,,,,,,,,
sub-011_,1,yunet-span500,sub-011_-s1,eye_right,79,9520,1786791955294,0,no_face,roi_missing,ok,roi_missing,,1920,1080,,,,,,,,,,,,,,,
sub-011_,1,yunet-span500,sub-011_-s1,eye_left,79,9520,1786791955294,0,no_face,roi_missing,ok,roi_missing,,1920,1080,,,,,,,,,,,,,,,
sub-011_,1,yunet-span500,sub-011_-s1,eye_right,80,9521,1786791955325,0,no_face,roi_missing,ok,roi_missing,,1920,1080,,,,,,,,,,,,,,,
sub-011_,1,yunet-span500,sub-011_-s1,eye_left,80,9521,1786791955325,0,no_face,roi_missing,ok,roi_missing,,1920,1080,,,,,,,,,,,,,,,
sub-011_,1,yunet-span500,sub-011_-s1,eye_right,81,9522,1786791955374,0,no_face,roi_missing,ok,roi_missing,,1920,1080,,,,,,,,,,,,,,,
sub-011_,1,yunet-span500,sub-011_-s1,eye_left,81,9522,1786791955374,0,no_face,roi_missing,ok,roi_missing,,1920,1080,,,,,,,,,,,,,,,
sub-011_,1,yunet-span500,sub-011_-s1,eye_right,82,9523,1786791955386,0,no_face,roi_missing,ok,roi_missing,,1920,1080,,,,,,,,,,,,,,,
sub-011_,1,yunet-span500,sub-011_-s1,eye_left,82,9523,1786791955386,0,no_face,roi_missing,ok,roi_missing,,1920,1080,,,,,,,,,,,,,,,
sub-011_,1,yunet-span500,sub-011_-s1,eye_right,83,9524,1786791955408,0,no_face,roi_missing,ok,roi_missing,,1920,1080,,,,,,,,,,,,,,,
sub-011_,1,yunet-span500,sub-011_-s1,eye_left,83,9524,1786791955408,0,no_face,roi_missing,ok,roi_missing,,1920,1080,,,,,,,,,,,,,,,
sub-011_,1,yunet-span500,sub-011_-s1,eye_right,84,9525,1786791955455,0,no_face,roi_missing,ok,roi_missing,,1920,1080,,,,,,,,,,,,,,,
sub-011_,1,yunet-span500,sub-011_-s1,eye_left,84,9525,1786791955455,0,no_face,roi_missing,ok,roi_missing,,1920,1080,,,,,,,,,,,,,,,
sub-011_,1,yunet-span500,sub-011_-s1,eye_right,85,9526,1786791955492,0,no_face,roi_missing,ok,roi_missing,,1920,1080,,,,,,,,,,,,,,,
sub-011_,1,yunet-span500,sub-011_-s1,eye_left,85,9526,1786791955492,0,no_face,roi_missing,ok,roi_missing,,1920,1080,,,,,,,,,,,,,,,
sub-011_,1,yunet-span500,sub-011_-s1,eye_right,86,9527,1786791955534,0,no_face,roi_missing,ok,roi_missing,,1920,1080,,,,,,,,,,,,,,,
sub-011_,1,yunet-span500,sub-011_-s1,eye_left,86,9527,1786791955534,0,no_face,roi_missing,ok,roi_missing,,1920,1080,,,,,,,,,,,,,,,
sub-011_,1,yunet-span500,sub-011_-s1,eye_right,87,9528,1786791955565,0,no_face,roi_missing,ok,roi_missing,,1920,1080,,,,,,,,,,,,,,,
sub-011_,1,yunet-span500,sub-011_-s1,eye_left,87,9528,1786791955565,0,no_face,roi_missing,ok,roi_missing,,1920,1080,,,,,,,,,,,,,,,
sub-011_,1,yunet-span500,sub-011_-s1,eye_right,88,9529,1786791955615,0,no_face,roi_missing,ok,roi_missing,,1920,1080,,,,,,,,,,,,,,,
sub-011_,1,yunet-span500,sub-011_-s1,eye_left,88,9529,1786791955615,0,no_face,roi_missing,ok,roi_missing,,1920,1080,,,,,,,,,,,,,,,
sub-011_,1,yunet-span500,sub-011_-s1,eye_right,89,9530,1786791955622,0,no_face,roi_missing,ok,roi_missing,,1920,1080,,,,,,,,,,,,,,,
sub-011_,1,yunet-span500,sub-011_-s1,eye_left,89,9530,1786791955622,0,no_face,roi_missing,ok,roi_missing,,1920,1080,,,,,,,,,,,,,,,
sub-011_,1,yunet-span500,sub-011_-s1,eye_right,90,9531,1786791955645,0,no_face,roi_missing,ok,roi_missing,,1920,1080,,,,,,,,,,,,,,,
sub-011_,1,yunet-span500,sub-011_-s1,eye_left,90,9531,1786791955645,0,no_face,roi_missing,ok,roi_missing,,1920,1080,,,,,,,,,,,,,,,
