epoch,time,train/box_loss,train/cls_loss,train/l1_loss,metrics/precision(B),metrics/recall(B),metrics/mAP50(B),metrics/mAP50-95(B),val/box_loss,val/cls_loss,val/l1_loss,lr/pg0,lr/pg1,lr/pg2
1,92.8441,1.46128,4.70618,0.01138,0.00658,1,0.60628,0.38228,0.92425,4.8507,0.01144,0.00064,0.00064,0.00064
2,183.867,1.17842,3.46085,0.00913,0.65973,0.82692,0.81704,0.44271,1.12349,4.55686,0.01381,0.00129373,0.00129373,0.00129373
3,277.29,1.29965,2.60664,0.00989,0.81002,0.57396,0.81949,0.52503,1.17497,3.836,0.01449,0.00193426,0.00193426,0.00193426
4,368.229,1.28127,2.25418,0.01012,0.78565,0.76923,0.87147,0.60789,1.0325,2.90078,0.01267,0.0019406,0.0019406,0.0019406
5,461.133,1.18745,1.89526,0.00934,0.82504,0.87663,0.91772,0.62333,1.10978,2.08183,0.01376,0.0019208,0.0019208,0.0019208
6,552.206,1.23491,1.59918,0.00951,0.88751,0.92949,0.96419,0.5929,1.42342,1.62949,0.01907,0.001901,0.001901,0.001901
7,643.636,1.26358,1.36777,0.00957,0.91526,0.83084,0.95583,0.66854,1.09862,1.34919,0.01353,0.0018812,0.0018812,0.0018812
8,735.78,1.19532,1.1938,0.00893,0.91356,0.87821,0.96781,0.6686,1.13614,1.08519,0.01387,0.0018614,0.0018614,0.0018614
9,828.442,1.18766,1.12754,0.00916,0.95055,0.94872,0.98587,0.67488,1.19927,0.94525,0.01515,0.0018416,0.0018416,0.0018416
10,918.466,1.16467,0.9366,0.00863,0.92763,0.91026,0.98232,0.65079,1.19578,0.93991,0.01532,0.0018218,0.0018218,0.0018218
11,1008.46,1.1855,0.90534,0.00922,0.92239,0.91425,0.97195,0.6708,1.1347,0.88502,0.01403,0.001802,0.001802,0.001802
12,1098.75,1.06848,0.7863,0.00803,0.96415,0.90385,0.97966,0.65335,1.24349,0.78163,0.01569,0.0017822,0.0017822,0.0017822
13,1189.35,1.15448,0.75353,0.0088,0.96291,0.9359,0.98769,0.66984,1.12306,0.64975,0.01385,0.0017624,0.0017624,0.0017624
14,1278.41,1.10095,0.66189,0.00821,0.92975,0.94872,0.98588,0.65558,1.25242,0.71707,0.01578,0.0017426,0.0017426,0.0017426
15,1366.54,1.10136,0.65674,0.00861,0.96655,0.96154,0.99161,0.67554,1.1671,0.57775,0.01458,0.0017228,0.0017228,0.0017228
16,1455.62,1.06244,0.59016,0.008,0.94184,0.94231,0.98631,0.68233,1.13313,0.54646,0.01409,0.001703,0.001703,0.001703
17,1544.57,1.10945,0.60588,0.00876,0.92678,0.96154,0.98709,0.67023,1.13974,0.52821,0.01386,0.0016832,0.0016832,0.0016832
18,1632.1,1.15922,0.62724,0.00886,0.93711,0.98077,0.98645,0.6006,1.45703,0.54901,0.0187,0.0016634,0.0016634,0.0016634
19,1719.72,1.05154,0.51029,0.00814,0.98065,0.9747,0.99387,0.70583,1.0576,0.42506,0.01312,0.0016436,0.0016436,0.0016436
20,1807.82,1.08809,0.52201,0.00823,0.98709,0.98039,0.99363,0.62728,1.34992,0.48562,0.01767,0.0016238,0.0016238,0.0016238
21,1895.99,1.06761,0.4975,0.00858,0.96824,0.97719,0.99195,0.69412,1.11836,0.40343,0.01382,0.001604,0.001604,0.001604
22,1983.77,0.99801,0.45632,0.00746,0.97111,0.99359,0.99398,0.65282,1.18744,0.41671,0.01507,0.0015842,0.0015842,0.0015842
23,2072.62,1.04624,0.45116,0.00773,0.95059,0.9866,0.9921,0.66774,1.13546,0.40073,0.01426,0.0015644,0.0015644,0.0015644
24,2160.4,1.04731,0.45009,0.00787,0.98943,0.96795,0.99377,0.69213,1.07675,0.37974,0.0134,0.0015446,0.0015446,0.0015446
25,2248.68,1.04434,0.41986,0.00784,0.9747,0.98799,0.99358,0.68069,1.14196,0.36008,0.01418,0.0015248,0.0015248,0.0015248
26,2336.96,1.04191,0.45096,0.00805,0.98686,0.9628,0.99315,0.71102,1.02746,0.36302,0.01253,0.001505,0.001505,0.001505
27,2425.27,0.99369,0.40861,0.00764,0.98772,0.98077,0.99397,0.70375,1.05025,0.33421,0.01287,0.0014852,0.0014852,0.0014852
28,2512.97,1.02702,0.40456,0.00752,0.98593,1,0.99346,0.68933,1.10116,0.32958,0.01367,0.0014654,0.0014654,0.0014654
29,2600.56,0.99714,0.41448,0.00721,0.97932,0.97436,0.994,0.70668,1.02806,0.32556,0.01231,0.0014456,0.0014456,0.0014456
30,2688.39,0.98182,0.39734,0.00724,0.987,0.9734,0.99333,0.6825,1.16472,0.35988,0.01436,0.0014258,0.0014258,0.0014258
31,2776.45,1.00932,0.39699,0.00748,0.94947,0.98718,0.99174,0.69887,1.0712,0.3511,0.01321,0.001406,0.001406,0.001406
32,2863.97,1.00968,0.39773,0.00731,0.99357,0.99108,0.99423,0.70463,1.06085,0.32624,0.01298,0.0013862,0.0013862,0.0013862
33,2951.77,0.99166,0.37849,0.00737,0.98074,0.98077,0.99339,0.71156,1.06211,0.31916,0.01293,0.0013664,0.0013664,0.0013664
34,3040.11,0.99153,0.39198,0.00723,0.9806,0.97231,0.99204,0.70315,1.04841,0.33373,0.01273,0.0013466,0.0013466,0.0013466
35,3128.15,1.0232,0.37738,0.00803,1,0.98438,0.99487,0.66833,1.15727,0.33203,0.01426,0.0013268,0.0013268,0.0013268
36,3216.23,0.97027,0.37431,0.0071,0.98707,0.97888,0.99347,0.71624,1.0164,0.31411,0.01251,0.001307,0.001307,0.001307
37,3305,1.0172,0.38649,0.00756,0.96835,0.98718,0.99208,0.69333,1.0849,0.32823,0.0135,0.0012872,0.0012872,0.0012872
38,3393.59,0.96529,0.35654,0.00723,0.98545,0.98718,0.99291,0.70218,1.08871,0.31532,0.01347,0.0012674,0.0012674,0.0012674
39,3481.78,0.91312,0.40264,0.0071,0.98702,0.98718,0.99404,0.70143,1.12543,0.3314,0.01397,0.0012476,0.0012476,0.0012476
40,3569.6,0.8948,0.34556,0.00673,0.99354,0.98538,0.99462,0.72633,1.01703,0.29232,0.01244,0.0012278,0.0012278,0.0012278
41,3657.64,0.88819,0.33218,0.00663,0.97366,0.98077,0.99318,0.71085,1.02394,0.30565,0.01276,0.001208,0.001208,0.001208
42,3745.24,0.96576,0.36435,0.00709,0.94992,1,0.99277,0.71368,1.03259,0.31073,0.01274,0.0011882,0.0011882,0.0011882
43,3833.61,0.90425,0.33846,0.00661,0.98642,0.98718,0.99329,0.70941,1.04703,0.29398,0.0128,0.0011684,0.0011684,0.0011684
44,3921.03,0.92753,0.33647,0.00696,0.98432,0.96795,0.99258,0.70848,1.03127,0.32107,0.01273,0.0011486,0.0011486,0.0011486
45,4008.76,0.92047,0.34615,0.00683,0.97184,0.97436,0.99296,0.69974,1.05434,0.30772,0.01303,0.0011288,0.0011288,0.0011288
46,4096.57,0.92635,0.3431,0.00707,0.97368,1,0.9941,0.72961,0.98548,0.30624,0.01194,0.001109,0.001109,0.001109
47,4184.82,0.89165,0.33089,0.00642,0.97377,0.99359,0.99416,0.7061,1.05792,0.29798,0.01309,0.0010892,0.0010892,0.0010892
48,4272.92,0.90027,0.35249,0.00696,0.99354,0.98611,0.99242,0.69118,1.11294,0.31252,0.01379,0.0010694,0.0010694,0.0010694
49,4361.42,0.90967,0.33005,0.00663,0.9689,0.99869,0.99139,0.67622,1.19518,0.3213,0.01491,0.0010496,0.0010496,0.0010496
50,4449.32,0.92416,0.34966,0.0069,0.98109,0.99789,0.99179,0.69895,1.0834,0.29953,0.01322,0.0010298,0.0010298,0.0010298
51,4537.27,0.95673,0.3467,0.00702,0.99358,0.99155,0.99391,0.69887,1.07808,0.31321,0.01356,0.00101,0.00101,0.00101
52,4625.17,0.90747,0.31908,0.00667,0.993,0.99359,0.99263,0.71927,1.00189,0.26896,0.01229,0.0009902,0.0009902,0.0009902
53,4713.08,0.86041,0.30546,0.00628,0.98101,0.99325,0.99304,0.72763,0.97588,0.27076,0.01183,0.0009704,0.0009704,0.0009704
54,4801.03,0.86465,0.32515,0.00643,0.9865,1,0.99455,0.71103,1.07138,0.31718,0.01318,0.0009506,0.0009506,0.0009506
55,4889.2,0.8707,0.31315,0.00672,0.97765,0.98718,0.99397,0.69391,1.1197,0.30408,0.01383,0.0009308,0.0009308,0.0009308
56,4976.93,0.91517,0.31651,0.00735,0.981,0.99314,0.99429,0.72238,1.01218,0.28522,0.01229,0.000911,0.000911,0.000911
57,5065.37,0.88583,0.3481,0.00649,0.98613,0.99359,0.99336,0.70442,1.04852,0.30805,0.01287,0.0008912,0.0008912,0.0008912
58,5153.27,0.88282,0.32046,0.0065,0.98342,0.98718,0.99404,0.71365,1.03014,0.28957,0.01255,0.0008714,0.0008714,0.0008714
59,5241.03,0.83954,0.298,0.0063,0.99357,0.99084,0.99423,0.72457,1.01463,0.27847,0.01237,0.0008516,0.0008516,0.0008516
60,5329.94,0.84437,0.31222,0.00653,0.99358,0.99233,0.99468,0.68363,1.11566,0.30512,0.01378,0.0008318,0.0008318,0.0008318
61,5418.01,0.86565,0.30161,0.00665,0.97489,0.99552,0.99349,0.70704,1.05313,0.29828,0.0129,0.000812,0.000812,0.000812
62,5505.79,0.86102,0.30018,0.00655,0.98568,0.99359,0.99376,0.71093,1.03619,0.28326,0.01264,0.0007922,0.0007922,0.0007922
63,5593.76,0.83657,0.27706,0.00641,0.98697,1,0.99455,0.70467,1.03098,0.27356,0.0127,0.0007724,0.0007724,0.0007724
64,5682.05,0.82502,0.28393,0.00625,0.9836,0.98718,0.99436,0.70064,1.08162,0.30065,0.01347,0.0007526,0.0007526,0.0007526
65,5770.24,0.80854,0.27828,0.00594,0.98911,0.98718,0.9943,0.71278,1.03025,0.28158,0.01269,0.0007328,0.0007328,0.0007328
66,5858.11,0.8077,0.27463,0.00585,0.98733,0.99946,0.99442,0.72945,0.98162,0.25524,0.01186,0.000713,0.000713,0.000713
67,5946.08,0.81374,0.278,0.00604,0.97345,0.99359,0.9941,0.70701,1.09558,0.30248,0.01353,0.0006932,0.0006932,0.0006932
68,6034.52,0.81602,0.29255,0.006,0.98654,0.99359,0.99255,0.70767,1.0776,0.28402,0.01316,0.0006734,0.0006734,0.0006734
69,6122.17,0.82353,0.28403,0.00592,0.9918,1,0.99481,0.71755,1.02679,0.2774,0.01252,0.0006536,0.0006536,0.0006536
70,6209.82,0.85533,0.27752,0.00614,0.97669,1,0.99455,0.68157,1.09704,0.29309,0.0135,0.0006338,0.0006338,0.0006338
71,6297.65,0.82125,0.27574,0.00593,0.98732,0.99863,0.99403,0.7123,1.01759,0.29028,0.01243,0.000614,0.000614,0.000614
72,6385.82,0.79629,0.2661,0.00597,0.98535,0.99359,0.99357,0.72171,1.00404,0.27538,0.01212,0.0005942,0.0005942,0.0005942
73,6474.07,0.83047,0.2702,0.00604,0.96868,0.99115,0.9931,0.69241,1.11959,0.3139,0.01378,0.0005744,0.0005744,0.0005744
74,6562.02,0.84231,0.28624,0.0063,0.96809,1,0.99372,0.70718,1.07729,0.28582,0.01314,0.0005546,0.0005546,0.0005546
75,6649.85,0.79093,0.27723,0.00581,0.97493,0.99699,0.99358,0.71357,1.02931,0.28834,0.01264,0.0005348,0.0005348,0.0005348
76,6738.03,0.79652,0.27249,0.0056,0.98732,0.99811,0.99344,0.69427,1.11938,0.29552,0.01367,0.000515,0.000515,0.000515
77,6827.02,0.78629,0.27253,0.00587,0.99243,0.98718,0.99384,0.72157,1.03138,0.27698,0.01253,0.0004952,0.0004952,0.0004952
78,6914.98,0.78245,0.26499,0.00579,0.99359,0.99335,0.99436,0.70653,1.09011,0.2833,0.01353,0.0004754,0.0004754,0.0004754
79,7002.84,0.76956,0.26566,0.00572,0.98919,0.98718,0.9939,0.71983,1.02238,0.27651,0.01244,0.0004556,0.0004556,0.0004556
80,7090.41,0.77908,0.26923,0.00581,0.98731,0.99783,0.99113,0.72219,1.01899,0.27988,0.01241,0.0004358,0.0004358,0.0004358
81,7179.26,0.75908,0.25665,0.00549,0.98424,0.98718,0.98981,0.70787,1.03651,0.27841,0.01266,0.000416,0.000416,0.000416
82,7267.24,0.79196,0.27615,0.00557,0.98356,1,0.99225,0.72789,1.01457,0.28376,0.01226,0.0003962,0.0003962,0.0003962
83,7354.9,0.75694,0.26043,0.00543,0.99359,0.9929,0.9925,0.71652,1.01974,0.27108,0.01235,0.0003764,0.0003764,0.0003764
84,7443.27,0.80936,0.28638,0.00594,0.98412,0.98077,0.99066,0.6918,1.09527,0.30207,0.01343,0.0003566,0.0003566,0.0003566
85,7531.2,0.78725,0.25107,0.0058,0.98726,1,0.99096,0.71719,1.00332,0.27122,0.01214,0.0003368,0.0003368,0.0003368
86,7618.98,0.76401,0.26521,0.00563,0.99319,1,0.99264,0.71768,1.02327,0.27463,0.01236,0.000317,0.000317,0.000317
87,7706.98,0.77765,0.25724,0.00584,0.99353,0.98479,0.99178,0.66429,1.16368,0.31361,0.01449,0.0002972,0.0002972,0.0002972
88,7794.98,0.75531,0.25427,0.00545,0.98709,0.98033,0.99155,0.71661,0.99519,0.27607,0.01208,0.0002774,0.0002774,0.0002774
89,7882.9,0.77327,0.25693,0.00573,0.98627,0.98718,0.99054,0.7017,1.06263,0.28627,0.01285,0.0002576,0.0002576,0.0002576
90,7970.86,0.76894,0.26202,0.00551,0.98725,0.9931,0.99094,0.69928,1.06537,0.28336,0.01302,0.0002378,0.0002378,0.0002378
91,8057.34,0.75786,0.24175,0.00678,0.98577,1,0.98903,0.70886,1.01959,0.26325,0.0124,0.000218,0.000218,0.000218
92,8143.62,0.72654,0.22499,0.00648,0.98725,0.9925,0.98903,0.70333,1.05971,0.28213,0.01287,0.0001982,0.0001982,0.0001982
93,8229.67,0.72015,0.21312,0.00623,0.99303,1,0.99468,0.724,1.02121,0.26703,0.01241,0.0001784,0.0001784,0.0001784
94,8315.93,0.70934,0.20717,0.00625,0.99358,0.99218,0.99494,0.70876,1.06036,0.26852,0.01298,0.0001586,0.0001586,0.0001586
95,8402.27,0.67858,0.20748,0.00606,0.99947,1,0.995,0.71119,1.05549,0.26746,0.01282,0.0001388,0.0001388,0.0001388
96,8488.87,0.68599,0.20305,0.00635,1,0.9993,0.995,0.71795,1.03642,0.26205,0.01257,0.000119,0.000119,0.000119
97,8575.46,0.67912,0.20499,0.00618,0.98733,0.99906,0.99474,0.70604,1.05385,0.27253,0.01284,9.92e-05,9.92e-05,9.92e-05
98,8662.05,0.66637,0.20438,0.00575,0.99358,0.99195,0.99494,0.70776,1.04706,0.27168,0.01268,7.94e-05,7.94e-05,7.94e-05
99,8748.13,0.67402,0.20008,0.00621,0.99357,0.99117,0.99494,0.70945,1.04501,0.27646,0.01263,5.96e-05,5.96e-05,5.96e-05
100,8835.2,0.66687,0.1991,0.00594,0.99922,1,0.995,0.7181,1.03289,0.26315,0.01249,3.98e-05,3.98e-05,3.98e-05
