modality,figure_id,current_role,audit_decision,target_role,target_destination,rationale,structural_evidence,real_visual_audit_status
Behavior,behavior_rt_level_mean_median_agreement,qualification,keep_appendix,qualification,5.2附录,记录RT水平两种候选表示的一致性；Formal 1.16.20 已据此及其他Q1/Q2-blind证据冻结中位数为首轮表示,current Behavior science_output figure contract,superseded_by_final_report_asset_state_20260913
Behavior,behavior_rt_level_difference_ecdf,qualification,keep_appendix,qualification,5.2附录,记录mean-minus-median差异分布与长尾；当前只作为中位数冻结的资格证据,current Behavior science_output figure contract,superseded_by_final_report_asset_state_20260913
Behavior,behavior_rt_cv_ecdf,qualification,keep_appendix,qualification,5.2附录,属于正式RT波动指标的经验分布与可估性证据,current Behavior science_output figure contract,superseded_by_final_report_asset_state_20260913
Behavior,behavior_rt_slope_ecdf,qualification,keep_appendix,qualification,5.2附录,属于正式RT趋势指标的经验分布；不直接回答状态效应,current Behavior science_output figure contract,superseded_by_final_report_asset_state_20260913
Behavior,behavior_q1_candidate_coefficients,main,reconstruct,main_science,5.2正文,原图按predictor和Q1模型行排列；语义合同要求按科学维度组织且RT level使用冻结中位数,current Behavior q1_nominal_models formal estimates,superseded_by_final_report_asset_state_20260913
Behavior,behavior_q2_candidate_coefficients,main,reconstruct,main_science,5.2正文,原图按程序候选排列；语义合同要求按科学维度组织且RT level使用冻结中位数,current Behavior q2_ordinal_gee formal estimates,superseded_by_final_report_asset_state_20260913
Behavior,behavior_b1_b2_compact_effects,main,reconstruct,main_science,5.2正文,科学问题正确但旧图维度与单位表达不足；最终上交版按正式报告图件重新组织,current participant-cluster bootstrap formal table,superseded_by_final_report_asset_state_20260913
Behavior,behavior_candidate_coverage,qc,keep_appendix,qualification_qc,5.2附录,覆盖率支持测量资格与缺失审计；不得作为正文状态效应,current Behavior handoff coverage,superseded_by_final_report_asset_state_20260913
Movement,movement_primary_distribution,feature_qualification,keep_appendix,qualification,5.4附录,身体动作主指标分布支持测量资格但不回答注意状态问题,FINAL_P4_EVIDENCE figure_manifest,superseded_by_final_report_asset_state_20260913
Movement,movement_block_pair_task_progression,main_science,retain_final_submission_asset,main_science,5.4正文,1.16.19曾计划模型调整后轨迹；最终上交版保留生产端正式区块配对与任务进程图且cleanup不重新拟合,FINAL_P4_EVIDENCE figure_manifest,superseded_by_final_report_asset_state_20260913
Movement,movement_exposure_qc,qc,keep_appendix,qc,5.4附录,曝光变化是技术混杂审计；不得进入注意效应主图,FINAL_P4_EVIDENCE figure_manifest,superseded_by_final_report_asset_state_20260913
Movement,movement_pose_direction_distribution,sensitivity,keep_appendix,sensitivity,5.4附录,横向/纵向/径向辅助变量只作敏感性展示,FINAL_P4_EVIDENCE figure_manifest,superseded_by_final_report_asset_state_20260913
Movement,movement_source_coverage,qc,keep_appendix,qc,5.4附录,场次来源可观测比例属于质量控制,FINAL_P4_EVIDENCE figure_manifest,superseded_by_final_report_asset_state_20260913
Movement,movement_task_progression_coefficients,main_science,keep_provenance,formal_companion,5.4附录,正式GEE系数需保留；实际正文呈现以Final报告资产清单为准,FINAL_P4_EVIDENCE movement_task_progression.csv,superseded_by_final_report_asset_state_20260913
Movement,movement_task_progression_coefficients_pose_sensitivity,sensitivity,keep_appendix,sensitivity,5.4附录,姿态/径向任务进程结果保持敏感性角色,FINAL_P4_EVIDENCE figure_manifest,superseded_by_final_report_asset_state_20260913
Movement,movement_q1_relationships,main_science,retain_final_submission_asset,main_science,5.4正文,主身体动作指标与Q1关系完整保留；无效应同样属于正式结果,FINAL_P4_EVIDENCE movement_q1_models.csv,superseded_by_final_report_asset_state_20260913
Movement,movement_q1_relationships_pose_sensitivity,sensitivity,keep_appendix,sensitivity,5.4附录,姿态/径向Q1关系不因局部显著自动升级,FINAL_P4_EVIDENCE figure_manifest,superseded_by_final_report_asset_state_20260913
Movement,movement_q2_relationships,main_science,retain_final_submission_asset,main_science,5.4正文,主身体动作指标与Q2关系完整保留；无效应同样属于正式结果,FINAL_P4_EVIDENCE movement_q2_models.csv,superseded_by_final_report_asset_state_20260913
Movement,movement_q2_relationships_pose_sensitivity,sensitivity,keep_appendix,sensitivity,5.4附录,姿态/径向Q2关系保持敏感性角色,FINAL_P4_EVIDENCE figure_manifest,superseded_by_final_report_asset_state_20260913
Movement,movement_behavior_relationships,sensitivity,reclassify_report_role_keep_appendix,formal_companion,5.4附录,主身体动作指标与近期行为的正式模型关系属于正式伴随结果；放附录不等于sensitivity,FINAL_P4_EVIDENCE movement_behavior_links.csv,superseded_by_final_report_asset_state_20260913
Movement,movement_behavior_relationships_pose_sensitivity,sensitivity,keep_appendix,sensitivity,5.4附录,姿态/径向与行为关系继续作为敏感性结果,FINAL_P4_EVIDENCE movement_behavior_links.csv,superseded_by_final_report_asset_state_20260913
Ocular,ocular_frozen_feature_coverage,qualification,keep_appendix,qualification,5.3附录,五个冻结眼部维度的有效覆盖只回答测量资格,4fdb1a2 postfreeze figure_manifest,superseded_by_final_report_asset_state_20260913
Ocular,ocular_alternative_feature_coverage,sensitivity,keep_appendix,sensitivity,5.3附录,几何直径等替代表示只服务预先规定的敏感性与资格审计,4fdb1a2 postfreeze figure_manifest,superseded_by_final_report_asset_state_20260913
Ocular,ocular_task_progression_coefficients,main,retain_final_submission_asset,main_science,5.3正文,1.16.19原计划派生B1/B2调整后轨迹；最终因正式交付表缺少截距和完整协方差而不能在不重拟合前提下完成，故上交版保留正式系数图,4fdb1a2 ocular_task_progression.csv,superseded_by_final_report_asset_state_20260913
Ocular,ocular_q1_coefficients,main,split_main_and_appendix,main_science+formal_companion,5.3正文+附录,正文使用within-person五维×三类别图；生产端混合within/between系数图仅作为附录可追溯结果,4fdb1a2 ocular_q1_models.csv,superseded_by_final_report_asset_state_20260913
Ocular,ocular_q2_coefficients,main,split_main_and_appendix,main_science+formal_companion,5.3正文+附录,正文使用within-person效应；生产端混合within/between系数图仅作为附录可追溯结果,4fdb1a2 ocular_q2_models.csv,superseded_by_final_report_asset_state_20260913
Ocular,ocular_behavior_link_coefficients,main,split_main_and_appendix,main_science+formal_companion,5.3正文+附录,正文按行为结果分面保留人内效应；生产端混合人内人际图作为附录可追溯结果,4fdb1a2 ocular_behavior_links.csv,superseded_by_final_report_asset_state_20260913
Ocular,ocular_missingness_qc,qc,keep_appendix,qc,5.3附录,结构性缺失和特征级可估性属于质量控制；不得解释为注意效应,4fdb1a2 ocular_feature_analysis_coverage.csv,superseded_by_final_report_asset_state_20260913
