image_id,subject,video,frame_idx,frame_type,n_eye_boxes,quality,annotator,review_status,notes
subject_sub-011_frame_011337,sub-011,sub-011_nir.avi,11337,,,,,,
subject_sub-011_frame_014529,sub-011,sub-011_nir.avi,14529,,,,,,
subject_sub-011_frame_017721,sub-011,sub-011_nir.avi,17721,,,,,,
subject_sub-011_frame_020912,sub-011,sub-011_nir.avi,20912,,,,,,
subject_sub-011_frame_024105,sub-011,sub-011_nir.avi,24105,,,,,,
subject_sub-011_frame_033254,sub-011,sub-011_nir.avi,33254,,,,,,
subject_sub-011_frame_036534,sub-011,sub-011_nir.avi,36534,,,,,,
subject_sub-011_frame_039814,sub-011,sub-011_nir.avi,39814,,,,,,
subject_sub-011_frame_043094,sub-011,sub-011_nir.avi,43094,,,,,,
subject_sub-011_frame_046374,sub-011,sub-011_nir.avi,46374,,,,,,
subject_sub-011_frame_055838,sub-011,sub-011_nir.avi,55838,,,,,,
subject_sub-011_frame_058985,sub-011,sub-011_nir.avi,58985,,,,,,
subject_sub-011_frame_062131,sub-011,sub-011_nir.avi,62131,,,,,,
subject_sub-011_frame_065278,sub-011,sub-011_nir.avi,65278,,,,,,
subject_sub-011_frame_068423,sub-011,sub-011_nir.avi,68423,,,,,,
subject_sub-012_frame_011730,sub-012,sub-012_nir.avi,11730,,,,,,
subject_sub-012_frame_014995,sub-012,sub-012_nir.avi,14995,,,,,,
subject_sub-012_frame_018262,sub-012,sub-012_nir.avi,18262,,,,,,
subject_sub-012_frame_021530,sub-012,sub-012_nir.avi,21530,,,,,,
subject_sub-012_frame_024798,sub-012,sub-012_nir.avi,24798,,,,,,
subject_sub-012_frame_033459,sub-012,sub-012_nir.avi,33459,,,,,,
subject_sub-012_frame_036834,sub-012,sub-012_nir.avi,36834,,,,,,
subject_sub-012_frame_040210,sub-012,sub-012_nir.avi,40210,,,,,,
subject_sub-012_frame_043586,sub-012,sub-012_nir.avi,43586,,,,,,
subject_sub-012_frame_046962,sub-012,sub-012_nir.avi,46962,,,,,,
subject_sub-012_frame_055330,sub-012,sub-012_nir.avi,55330,,,,,,
subject_sub-012_frame_058609,sub-012,sub-012_nir.avi,58609,,,,,,
subject_sub-012_frame_061888,sub-012,sub-012_nir.avi,61888,,,,,,
subject_sub-012_frame_065166,sub-012,sub-012_nir.avi,65166,,,,,,
subject_sub-012_frame_068445,sub-012,sub-012_nir.avi,68445,,,,,,
subject_sub-013_frame_012501,sub-013,sub-013_nir.avi,12501,,,,,,
subject_sub-013_frame_015833,sub-013,sub-013_nir.avi,15833,,,,,,
subject_sub-013_frame_019164,sub-013,sub-013_nir.avi,19164,,,,,,
subject_sub-013_frame_022496,sub-013,sub-013_nir.avi,22496,,,,,,
subject_sub-013_frame_025828,sub-013,sub-013_nir.avi,25828,,,,,,
subject_sub-013_frame_034107,sub-013,sub-013_nir.avi,34107,,,,,,
subject_sub-013_frame_037378,sub-013,sub-013_nir.avi,37378,,,,,,
subject_sub-013_frame_040648,sub-013,sub-013_nir.avi,40648,,,,,,
subject_sub-013_frame_043920,sub-013,sub-013_nir.avi,43920,,,,,,
subject_sub-013_frame_047190,sub-013,sub-013_nir.avi,47190,,,,,,
subject_sub-013_frame_055171,sub-013,sub-013_nir.avi,55171,,,,,,
subject_sub-013_frame_058446,sub-013,sub-013_nir.avi,58446,,,,,,
subject_sub-013_frame_061721,sub-013,sub-013_nir.avi,61721,,,,,,
subject_sub-013_frame_064996,sub-013,sub-013_nir.avi,64996,,,,,,
subject_sub-013_frame_068270,sub-013,sub-013_nir.avi,68270,,,,,,
subject_sub-014_frame_011534,sub-014,sub-014_nir.avi,11534,,,,,,
subject_sub-014_frame_014827,sub-014,sub-014_nir.avi,14827,,,,,,
subject_sub-014_frame_018118,sub-014,sub-014_nir.avi,18118,,,,,,
subject_sub-014_frame_021412,sub-014,sub-014_nir.avi,21412,,,,,,
subject_sub-014_frame_024705,sub-014,sub-014_nir.avi,24705,,,,,,
subject_sub-014_frame_034732,sub-014,sub-014_nir.avi,34732,,,,,,
subject_sub-014_frame_038057,sub-014,sub-014_nir.avi,38057,,,,,,
subject_sub-014_frame_041384,sub-014,sub-014_nir.avi,41384,,,,,,
subject_sub-014_frame_044711,sub-014,sub-014_nir.avi,44711,,,,,,
subject_sub-014_frame_048037,sub-014,sub-014_nir.avi,48037,,,,,,
subject_sub-014_frame_056558,sub-014,sub-014_nir.avi,56558,,,,,,
subject_sub-014_frame_060036,sub-014,sub-014_nir.avi,60036,,,,,,
subject_sub-014_frame_063514,sub-014,sub-014_nir.avi,63514,,,,,,
subject_sub-014_frame_066992,sub-014,sub-014_nir.avi,66992,,,,,,
subject_sub-014_frame_070470,sub-014,sub-014_nir.avi,70470,,,,,,
subject_sub-015_frame_015488,sub-015,sub-015_nir.avi,15488,,,,,,
subject_sub-015_frame_018698,sub-015,sub-015_nir.avi,18698,,,,,,
subject_sub-015_frame_021908,sub-015,sub-015_nir.avi,21908,,,,,,
subject_sub-015_frame_025118,sub-015,sub-015_nir.avi,25118,,,,,,
subject_sub-015_frame_028328,sub-015,sub-015_nir.avi,28328,,,,,,
subject_sub-015_frame_037129,sub-015,sub-015_nir.avi,37129,,,,,,
subject_sub-015_frame_040299,sub-015,sub-015_nir.avi,40299,,,,,,
subject_sub-015_frame_043469,sub-015,sub-015_nir.avi,43469,,,,,,
subject_sub-015_frame_046638,sub-015,sub-015_nir.avi,46638,,,,,,
subject_sub-015_frame_049809,sub-015,sub-015_nir.avi,49809,,,,,,
subject_sub-015_frame_058828,sub-015,sub-015_nir.avi,58828,,,,,,
subject_sub-015_frame_062081,sub-015,sub-015_nir.avi,62081,,,,,,
subject_sub-015_frame_065335,sub-015,sub-015_nir.avi,65335,,,,,,
subject_sub-015_frame_068589,sub-015,sub-015_nir.avi,68589,,,,,,
subject_sub-015_frame_071843,sub-015,sub-015_nir.avi,71843,,,,,,
subject_sub-016_frame_010554,sub-016,sub-016_nir.avi,10554,,,,,,
subject_sub-016_frame_013869,sub-016,sub-016_nir.avi,13869,,,,,,
subject_sub-016_frame_017184,sub-016,sub-016_nir.avi,17184,,,,,,
subject_sub-016_frame_020499,sub-016,sub-016_nir.avi,20499,,,,,,
subject_sub-016_frame_023814,sub-016,sub-016_nir.avi,23814,,,,,,
subject_sub-016_frame_032875,sub-016,sub-016_nir.avi,32875,,,,,,
subject_sub-016_frame_036316,sub-016,sub-016_nir.avi,36316,,,,,,
subject_sub-016_frame_039755,sub-016,sub-016_nir.avi,39755,,,,,,
subject_sub-016_frame_043194,sub-016,sub-016_nir.avi,43194,,,,,,
subject_sub-016_frame_046634,sub-016,sub-016_nir.avi,46634,,,,,,
subject_sub-016_frame_057753,sub-016,sub-016_nir.avi,57753,,,,,,
subject_sub-016_frame_060977,sub-016,sub-016_nir.avi,60977,,,,,,
subject_sub-016_frame_064200,sub-016,sub-016_nir.avi,64200,,,,,,
subject_sub-016_frame_067423,sub-016,sub-016_nir.avi,67423,,,,,,
subject_sub-016_frame_070646,sub-016,sub-016_nir.avi,70646,,,,,,
subject_sub-017_frame_012336,sub-017,sub-017_nir.avi,12336,,,,,,
subject_sub-017_frame_015581,sub-017,sub-017_nir.avi,15581,,,,,,
subject_sub-017_frame_018824,sub-017,sub-017_nir.avi,18824,,,,,,
subject_sub-017_frame_022069,sub-017,sub-017_nir.avi,22069,,,,,,
subject_sub-017_frame_025313,sub-017,sub-017_nir.avi,25313,,,,,,
subject_sub-017_frame_033468,sub-017,sub-017_nir.avi,33468,,,,,,
subject_sub-017_frame_036613,sub-017,sub-017_nir.avi,36613,,,,,,
subject_sub-017_frame_039757,sub-017,sub-017_nir.avi,39757,,,,,,
subject_sub-017_frame_042901,sub-017,sub-017_nir.avi,42901,,,,,,
subject_sub-017_frame_046046,sub-017,sub-017_nir.avi,46046,,,,,,
subject_sub-017_frame_054360,sub-017,sub-017_nir.avi,54360,,,,,,
subject_sub-017_frame_057494,sub-017,sub-017_nir.avi,57494,,,,,,
subject_sub-017_frame_060629,sub-017,sub-017_nir.avi,60629,,,,,,
subject_sub-017_frame_063764,sub-017,sub-017_nir.avi,63764,,,,,,
subject_sub-017_frame_066900,sub-017,sub-017_nir.avi,66900,,,,,,
subject_sub-018_frame_012300,sub-018,sub-018_nir.avi,12300,,,,,,
subject_sub-018_frame_015538,sub-018,sub-018_nir.avi,15538,,,,,,
subject_sub-018_frame_018777,sub-018,sub-018_nir.avi,18777,,,,,,
subject_sub-018_frame_022015,sub-018,sub-018_nir.avi,22015,,,,,,
subject_sub-018_frame_025254,sub-018,sub-018_nir.avi,25254,,,,,,
subject_sub-018_frame_033654,sub-018,sub-018_nir.avi,33654,,,,,,
subject_sub-018_frame_036828,sub-018,sub-018_nir.avi,36828,,,,,,
subject_sub-018_frame_040002,sub-018,sub-018_nir.avi,40002,,,,,,
subject_sub-018_frame_043177,sub-018,sub-018_nir.avi,43177,,,,,,
subject_sub-018_frame_046350,sub-018,sub-018_nir.avi,46350,,,,,,
subject_sub-018_frame_054039,sub-018,sub-018_nir.avi,54039,,,,,,
subject_sub-018_frame_057207,sub-018,sub-018_nir.avi,57207,,,,,,
subject_sub-018_frame_060374,sub-018,sub-018_nir.avi,60374,,,,,,
subject_sub-018_frame_063541,sub-018,sub-018_nir.avi,63541,,,,,,
subject_sub-018_frame_066709,sub-018,sub-018_nir.avi,66709,,,,,,
subject_sub-019_frame_018823,sub-019,sub-019_nir.avi,18823,,,,,,
subject_sub-019_frame_022519,sub-019,sub-019_nir.avi,22519,,,,,,
subject_sub-019_frame_026214,sub-019,sub-019_nir.avi,26214,,,,,,
subject_sub-019_frame_029911,sub-019,sub-019_nir.avi,29911,,,,,,
subject_sub-019_frame_033606,sub-019,sub-019_nir.avi,33606,,,,,,
subject_sub-019_frame_048051,sub-019,sub-019_nir.avi,48051,,,,,,
subject_sub-019_frame_051656,sub-019,sub-019_nir.avi,51656,,,,,,
subject_sub-019_frame_055261,sub-019,sub-019_nir.avi,55261,,,,,,
subject_sub-019_frame_058865,sub-019,sub-019_nir.avi,58865,,,,,,
subject_sub-019_frame_062470,sub-019,sub-019_nir.avi,62470,,,,,,
subject_sub-019_frame_074292,sub-019,sub-019_nir.avi,74292,,,,,,
subject_sub-019_frame_077706,sub-019,sub-019_nir.avi,77706,,,,,,
subject_sub-019_frame_081120,sub-019,sub-019_nir.avi,81120,,,,,,
subject_sub-019_frame_084535,sub-019,sub-019_nir.avi,84535,,,,,,
subject_sub-019_frame_087949,sub-019,sub-019_nir.avi,87949,,,,,,
subject_sub-020_frame_014997,sub-020,sub-020_nir.avi,14997,,,,,,
subject_sub-020_frame_018372,sub-020,sub-020_nir.avi,18372,,,,,,
subject_sub-020_frame_021747,sub-020,sub-020_nir.avi,21747,,,,,,
subject_sub-020_frame_025122,sub-020,sub-020_nir.avi,25122,,,,,,
subject_sub-020_frame_028496,sub-020,sub-020_nir.avi,28496,,,,,,
subject_sub-020_frame_038798,sub-020,sub-020_nir.avi,38798,,,,,,
subject_sub-020_frame_042141,sub-020,sub-020_nir.avi,42141,,,,,,
subject_sub-020_frame_045484,sub-020,sub-020_nir.avi,45484,,,,,,
subject_sub-020_frame_048828,sub-020,sub-020_nir.avi,48828,,,,,,
subject_sub-020_frame_052171,sub-020,sub-020_nir.avi,52171,,,,,,
subject_sub-020_frame_061198,sub-020,sub-020_nir.avi,61198,,,,,,
subject_sub-020_frame_064552,sub-020,sub-020_nir.avi,64552,,,,,,
subject_sub-020_frame_067906,sub-020,sub-020_nir.avi,67906,,,,,,
subject_sub-020_frame_071260,sub-020,sub-020_nir.avi,71260,,,,,,
subject_sub-020_frame_074614,sub-020,sub-020_nir.avi,74614,,,,,,
subject_sub-021_frame_014094,sub-021,sub-021_nir.avi,14094,,,,,,
subject_sub-021_frame_017379,sub-021,sub-021_nir.avi,17379,,,,,,
subject_sub-021_frame_020665,sub-021,sub-021_nir.avi,20665,,,,,,
subject_sub-021_frame_023950,sub-021,sub-021_nir.avi,23950,,,,,,
subject_sub-021_frame_027235,sub-021,sub-021_nir.avi,27235,,,,,,
subject_sub-021_frame_036077,sub-021,sub-021_nir.avi,36077,,,,,,
subject_sub-021_frame_039320,sub-021,sub-021_nir.avi,39320,,,,,,
subject_sub-021_frame_042564,sub-021,sub-021_nir.avi,42564,,,,,,
subject_sub-021_frame_045808,sub-021,sub-021_nir.avi,45808,,,,,,
subject_sub-021_frame_049052,sub-021,sub-021_nir.avi,49052,,,,,,
subject_sub-021_frame_058975,sub-021,sub-021_nir.avi,58975,,,,,,
subject_sub-021_frame_062148,sub-021,sub-021_nir.avi,62148,,,,,,
subject_sub-021_frame_065320,sub-021,sub-021_nir.avi,65320,,,,,,
subject_sub-021_frame_068492,sub-021,sub-021_nir.avi,68492,,,,,,
subject_sub-021_frame_071665,sub-021,sub-021_nir.avi,71665,,,,,,
subject_sub-022_frame_013989,sub-022,sub-022_nir.avi,13989,,,,,,
subject_sub-022_frame_017252,sub-022,sub-022_nir.avi,17252,,,,,,
subject_sub-022_frame_020515,sub-022,sub-022_nir.avi,20515,,,,,,
subject_sub-022_frame_023778,sub-022,sub-022_nir.avi,23778,,,,,,
subject_sub-022_frame_027041,sub-022,sub-022_nir.avi,27041,,,,,,
subject_sub-022_frame_035603,sub-022,sub-022_nir.avi,35603,,,,,,
subject_sub-022_frame_038756,sub-022,sub-022_nir.avi,38756,,,,,,
subject_sub-022_frame_041910,sub-022,sub-022_nir.avi,41910,,,,,,
subject_sub-022_frame_045064,sub-022,sub-022_nir.avi,45064,,,,,,
subject_sub-022_frame_048217,sub-022,sub-022_nir.avi,48217,,,,,,
subject_sub-022_frame_056549,sub-022,sub-022_nir.avi,56549,,,,,,
subject_sub-022_frame_059675,sub-022,sub-022_nir.avi,59675,,,,,,
subject_sub-022_frame_062802,sub-022,sub-022_nir.avi,62802,,,,,,
subject_sub-022_frame_065928,sub-022,sub-022_nir.avi,65928,,,,,,
subject_sub-022_frame_069054,sub-022,sub-022_nir.avi,69054,,,,,,
subject_sub-023_frame_016442,sub-023,sub-023_nir.avi,16442,,,,,,
subject_sub-023_frame_019787,sub-023,sub-023_nir.avi,19787,,,,,,
subject_sub-023_frame_023133,sub-023,sub-023_nir.avi,23133,,,,,,
subject_sub-023_frame_026478,sub-023,sub-023_nir.avi,26478,,,,,,
subject_sub-023_frame_029824,sub-023,sub-023_nir.avi,29824,,,,,,
subject_sub-023_frame_040818,sub-023,sub-023_nir.avi,40818,,,,,,
subject_sub-023_frame_044053,sub-023,sub-023_nir.avi,44053,,,,,,
subject_sub-023_frame_047288,sub-023,sub-023_nir.avi,47288,,,,,,
subject_sub-023_frame_050523,sub-023,sub-023_nir.avi,50523,,,,,,
subject_sub-023_frame_053757,sub-023,sub-023_nir.avi,53757,,,,,,
subject_sub-023_frame_061812,sub-023,sub-023_nir.avi,61812,,,,,,
subject_sub-023_frame_064971,sub-023,sub-023_nir.avi,64971,,,,,,
subject_sub-023_frame_068129,sub-023,sub-023_nir.avi,68129,,,,,,
subject_sub-023_frame_071288,sub-023,sub-023_nir.avi,71288,,,,,,
subject_sub-023_frame_074448,sub-023,sub-023_nir.avi,74448,,,,,,
subject_sub-024_frame_010251,sub-024,sub-024_nir.avi,10251,,,,,,
subject_sub-024_frame_013343,sub-024,sub-024_nir.avi,13343,,,,,,
subject_sub-024_frame_016435,sub-024,sub-024_nir.avi,16435,,,,,,
subject_sub-024_frame_019527,sub-024,sub-024_nir.avi,19527,,,,,,
subject_sub-024_frame_022620,sub-024,sub-024_nir.avi,22620,,,,,,
subject_sub-024_frame_030347,sub-024,sub-024_nir.avi,30347,,,,,,
subject_sub-024_frame_033435,sub-024,sub-024_nir.avi,33435,,,,,,
subject_sub-024_frame_036524,sub-024,sub-024_nir.avi,36524,,,,,,
subject_sub-024_frame_039612,sub-024,sub-024_nir.avi,39612,,,,,,
subject_sub-024_frame_042701,sub-024,sub-024_nir.avi,42701,,,,,,
subject_sub-024_frame_050369,sub-024,sub-024_nir.avi,50369,,,,,,
subject_sub-024_frame_053419,sub-024,sub-024_nir.avi,53419,,,,,,
subject_sub-024_frame_056465,sub-024,sub-024_nir.avi,56465,,,,,,
subject_sub-024_frame_059516,sub-024,sub-024_nir.avi,59516,,,,,,
subject_sub-024_frame_062566,sub-024,sub-024_nir.avi,62566,,,,,,
subject_sub-025_frame_014635,sub-025,sub-025_nir.avi,14635,,,,,,
subject_sub-025_frame_017923,sub-025,sub-025_nir.avi,17923,,,,,,
subject_sub-025_frame_021211,sub-025,sub-025_nir.avi,21211,,,,,,
subject_sub-025_frame_024499,sub-025,sub-025_nir.avi,24499,,,,,,
subject_sub-025_frame_027787,sub-025,sub-025_nir.avi,27787,,,,,,
subject_sub-025_frame_036476,sub-025,sub-025_nir.avi,36476,,,,,,
subject_sub-025_frame_039766,sub-025,sub-025_nir.avi,39766,,,,,,
subject_sub-025_frame_043055,sub-025,sub-025_nir.avi,43055,,,,,,
subject_sub-025_frame_046345,sub-025,sub-025_nir.avi,46345,,,,,,
subject_sub-025_frame_049634,sub-025,sub-025_nir.avi,49634,,,,,,
subject_sub-025_frame_059201,sub-025,sub-025_nir.avi,59201,,,,,,
subject_sub-025_frame_062548,sub-025,sub-025_nir.avi,62548,,,,,,
subject_sub-025_frame_065903,sub-025,sub-025_nir.avi,65903,,,,,,
subject_sub-025_frame_069256,sub-025,sub-025_nir.avi,69256,,,,,,
subject_sub-025_frame_072612,sub-025,sub-025_nir.avi,72612,,,,,,
subject_sub-026_frame_016223,sub-026,sub-026_nir.avi,16223,,,,,,
subject_sub-026_frame_019410,sub-026,sub-026_nir.avi,19410,,,,,,
subject_sub-026_frame_022597,sub-026,sub-026_nir.avi,22597,,,,,,
subject_sub-026_frame_025783,sub-026,sub-026_nir.avi,25783,,,,,,
subject_sub-026_frame_028971,sub-026,sub-026_nir.avi,28971,,,,,,
subject_sub-026_frame_037001,sub-026,sub-026_nir.avi,37001,,,,,,
subject_sub-026_frame_040158,sub-026,sub-026_nir.avi,40158,,,,,,
subject_sub-026_frame_043313,sub-026,sub-026_nir.avi,43313,,,,,,
subject_sub-026_frame_046469,sub-026,sub-026_nir.avi,46469,,,,,,
subject_sub-026_frame_049625,sub-026,sub-026_nir.avi,49625,,,,,,
subject_sub-026_frame_057657,sub-026,sub-026_nir.avi,57657,,,,,,
subject_sub-026_frame_060761,sub-026,sub-026_nir.avi,60761,,,,,,
subject_sub-026_frame_063864,sub-026,sub-026_nir.avi,63864,,,,,,
subject_sub-026_frame_066968,sub-026,sub-026_nir.avi,66968,,,,,,
subject_sub-026_frame_070071,sub-026,sub-026_nir.avi,70071,,,,,,
subject_sub-027_frame_014490,sub-027,sub-027_nir.avi,14490,,,,,,
subject_sub-027_frame_017672,sub-027,sub-027_nir.avi,17672,,,,,,
subject_sub-027_frame_020855,sub-027,sub-027_nir.avi,20855,,,,,,
subject_sub-027_frame_024038,sub-027,sub-027_nir.avi,24038,,,,,,
subject_sub-027_frame_027220,sub-027,sub-027_nir.avi,27220,,,,,,
subject_sub-027_frame_036813,sub-027,sub-027_nir.avi,36813,,,,,,
subject_sub-027_frame_040025,sub-027,sub-027_nir.avi,40025,,,,,,
subject_sub-027_frame_043238,sub-027,sub-027_nir.avi,43238,,,,,,
subject_sub-027_frame_046450,sub-027,sub-027_nir.avi,46450,,,,,,
subject_sub-027_frame_049663,sub-027,sub-027_nir.avi,49663,,,,,,
subject_sub-027_frame_059056,sub-027,sub-027_nir.avi,59056,,,,,,
subject_sub-027_frame_063343,sub-027,sub-027_nir.avi,63343,,,,,,
subject_sub-027_frame_067629,sub-027,sub-027_nir.avi,67629,,,,,,
subject_sub-027_frame_071913,sub-027,sub-027_nir.avi,71913,,,,,,
subject_sub-027_frame_076196,sub-027,sub-027_nir.avi,76196,,,,,,
subject_sub-028_frame_015129,sub-028,sub-028_nir.avi,15129,,,,,,
subject_sub-028_frame_018423,sub-028,sub-028_nir.avi,18423,,,,,,
subject_sub-028_frame_021717,sub-028,sub-028_nir.avi,21717,,,,,,
subject_sub-028_frame_025011,sub-028,sub-028_nir.avi,25011,,,,,,
subject_sub-028_frame_028305,sub-028,sub-028_nir.avi,28305,,,,,,
subject_sub-028_frame_037203,sub-028,sub-028_nir.avi,37203,,,,,,
subject_sub-028_frame_040384,sub-028,sub-028_nir.avi,40384,,,,,,
subject_sub-028_frame_043567,sub-028,sub-028_nir.avi,43567,,,,,,
subject_sub-028_frame_046748,sub-028,sub-028_nir.avi,46748,,,,,,
subject_sub-028_frame_049931,sub-028,sub-028_nir.avi,49931,,,,,,
subject_sub-028_frame_058932,sub-028,sub-028_nir.avi,58932,,,,,,
subject_sub-028_frame_062043,sub-028,sub-028_nir.avi,62043,,,,,,
subject_sub-028_frame_065153,sub-028,sub-028_nir.avi,65153,,,,,,
subject_sub-028_frame_068263,sub-028,sub-028_nir.avi,68263,,,,,,
subject_sub-028_frame_071374,sub-028,sub-028_nir.avi,71374,,,,,,
subject_sub-029_frame_012082,sub-029,sub-029_nir.avi,12082,,,,,,
subject_sub-029_frame_015314,sub-029,sub-029_nir.avi,15314,,,,,,
subject_sub-029_frame_018547,sub-029,sub-029_nir.avi,18547,,,,,,
subject_sub-029_frame_021778,sub-029,sub-029_nir.avi,21778,,,,,,
subject_sub-029_frame_025010,sub-029,sub-029_nir.avi,25010,,,,,,
subject_sub-029_frame_034784,sub-029,sub-029_nir.avi,34784,,,,,,
subject_sub-029_frame_038960,sub-029,sub-029_nir.avi,38960,,,,,,
subject_sub-029_frame_043136,sub-029,sub-029_nir.avi,43136,,,,,,
subject_sub-029_frame_047311,sub-029,sub-029_nir.avi,47311,,,,,,
subject_sub-029_frame_051487,sub-029,sub-029_nir.avi,51487,,,,,,
subject_sub-029_frame_060993,sub-029,sub-029_nir.avi,60993,,,,,,
subject_sub-029_frame_064257,sub-029,sub-029_nir.avi,64257,,,,,,
subject_sub-029_frame_067522,sub-029,sub-029_nir.avi,67522,,,,,,
subject_sub-029_frame_070786,sub-029,sub-029_nir.avi,70786,,,,,,
subject_sub-029_frame_074051,sub-029,sub-029_nir.avi,74051,,,,,,
subject_sub-030_frame_012844,sub-030,sub-030_nir.avi,12844,,,,,,
subject_sub-030_frame_016074,sub-030,sub-030_nir.avi,16074,,,,,,
subject_sub-030_frame_019304,sub-030,sub-030_nir.avi,19304,,,,,,
subject_sub-030_frame_022533,sub-030,sub-030_nir.avi,22533,,,,,,
subject_sub-030_frame_025763,sub-030,sub-030_nir.avi,25763,,,,,,
subject_sub-030_frame_034905,sub-030,sub-030_nir.avi,34905,,,,,,
subject_sub-030_frame_038103,sub-030,sub-030_nir.avi,38103,,,,,,
subject_sub-030_frame_041299,sub-030,sub-030_nir.avi,41299,,,,,,
subject_sub-030_frame_044497,sub-030,sub-030_nir.avi,44497,,,,,,
subject_sub-030_frame_047693,sub-030,sub-030_nir.avi,47693,,,,,,
subject_sub-030_frame_056500,sub-030,sub-030_nir.avi,56500,,,,,,
subject_sub-030_frame_059721,sub-030,sub-030_nir.avi,59721,,,,,,
subject_sub-030_frame_062942,sub-030,sub-030_nir.avi,62942,,,,,,
subject_sub-030_frame_066163,sub-030,sub-030_nir.avi,66163,,,,,,
subject_sub-030_frame_069384,sub-030,sub-030_nir.avi,69384,,,,,,
subject_sub-9504_frame_015079,sub-9504,sub-9504_nir.avi,15079,,,,,,
subject_sub-9504_frame_018588,sub-9504,sub-9504_nir.avi,18588,,,,,,
subject_sub-9504_frame_022096,sub-9504,sub-9504_nir.avi,22096,,,,,,
subject_sub-9504_frame_025569,sub-9504,sub-9504_nir.avi,25569,,,,,,
subject_sub-9504_frame_029079,sub-9504,sub-9504_nir.avi,29079,,,,,,
subject_sub-9504_frame_037441,sub-9504,sub-9504_nir.avi,37441,,,,,,
subject_sub-9504_frame_040809,sub-9504,sub-9504_nir.avi,40809,,,,,,
subject_sub-9504_frame_044174,sub-9504,sub-9504_nir.avi,44174,,,,,,
subject_sub-9504_frame_047542,sub-9504,sub-9504_nir.avi,47542,,,,,,
subject_sub-9504_frame_050908,sub-9504,sub-9504_nir.avi,50908,,,,,,
subject_sub-9504_frame_059288,sub-9504,sub-9504_nir.avi,59288,,,,,,
subject_sub-9504_frame_062593,sub-9504,sub-9504_nir.avi,62593,,,,,,
subject_sub-9504_frame_065897,sub-9504,sub-9504_nir.avi,65897,,,,,,
subject_sub-9504_frame_069202,sub-9504,sub-9504_nir.avi,69202,,,,,,
subject_sub-9504_frame_072504,sub-9504,sub-9504_nir.avi,72504,,,,,,
subject_sub-031_frame_012173,sub-031,sub-031_nir.avi,12173,,,,,,
subject_sub-031_frame_015547,sub-031,sub-031_nir.avi,15547,,,,,,
subject_sub-031_frame_018921,sub-031,sub-031_nir.avi,18921,,,,,,
subject_sub-031_frame_022295,sub-031,sub-031_nir.avi,22295,,,,,,
subject_sub-031_frame_025670,sub-031,sub-031_nir.avi,25670,,,,,,
subject_sub-031_frame_033934,sub-031,sub-031_nir.avi,33934,,,,,,
subject_sub-031_frame_037227,sub-031,sub-031_nir.avi,37227,,,,,,
subject_sub-031_frame_040522,sub-031,sub-031_nir.avi,40522,,,,,,
subject_sub-031_frame_043816,sub-031,sub-031_nir.avi,43816,,,,,,
subject_sub-031_frame_046671,sub-031,sub-031_nir.avi,46671,,,,,,
subject_sub-032_frame_012512,sub-032,sub-032_nir.avi,12512,,,,,,
subject_sub-032_frame_015752,sub-032,sub-032_nir.avi,15752,,,,,,
subject_sub-032_frame_018991,sub-032,sub-032_nir.avi,18991,,,,,,
subject_sub-032_frame_022231,sub-032,sub-032_nir.avi,22231,,,,,,
subject_sub-032_frame_025471,sub-032,sub-032_nir.avi,25471,,,,,,
subject_sub-032_frame_037297,sub-032,sub-032_nir.avi,37297,,,,,,
subject_sub-032_frame_040469,sub-032,sub-032_nir.avi,40469,,,,,,
subject_sub-032_frame_043643,sub-032,sub-032_nir.avi,43643,,,,,,
subject_sub-032_frame_046816,sub-032,sub-032_nir.avi,46816,,,,,,
subject_sub-032_frame_049989,sub-032,sub-032_nir.avi,49989,,,,,,
subject_sub-033_frame_013868,sub-033,sub-033_nir.avi,13868,,,,,,
subject_sub-033_frame_017375,sub-033,sub-033_nir.avi,17375,,,,,,
subject_sub-033_frame_020883,sub-033,sub-033_nir.avi,20883,,,,,,
subject_sub-033_frame_024390,sub-033,sub-033_nir.avi,24390,,,,,,
subject_sub-033_frame_027897,sub-033,sub-033_nir.avi,27897,,,,,,
subject_sub-033_frame_036945,sub-033,sub-033_nir.avi,36945,,,,,,
subject_sub-033_frame_040334,sub-033,sub-033_nir.avi,40334,,,,,,
subject_sub-033_frame_043724,sub-033,sub-033_nir.avi,43724,,,,,,
subject_sub-033_frame_047113,sub-033,sub-033_nir.avi,47113,,,,,,
subject_sub-033_frame_050503,sub-033,sub-033_nir.avi,50503,,,,,,
subject_sub-034_frame_011581,sub-034,sub-034_nir.avi,11581,,,,,,
subject_sub-034_frame_014889,sub-034,sub-034_nir.avi,14889,,,,,,
subject_sub-034_frame_018196,sub-034,sub-034_nir.avi,18196,,,,,,
subject_sub-034_frame_021502,sub-034,sub-034_nir.avi,21502,,,,,,
subject_sub-034_frame_024809,sub-034,sub-034_nir.avi,24809,,,,,,
subject_sub-034_frame_033765,sub-034,sub-034_nir.avi,33765,,,,,,
subject_sub-034_frame_037006,sub-034,sub-034_nir.avi,37006,,,,,,
subject_sub-034_frame_040245,sub-034,sub-034_nir.avi,40245,,,,,,
subject_sub-034_frame_043486,sub-034,sub-034_nir.avi,43486,,,,,,
subject_sub-034_frame_046726,sub-034,sub-034_nir.avi,46726,,,,,,
subject_sub-035_frame_012922,sub-035,sub-035_nir.avi,12922,,,,,,
subject_sub-035_frame_016246,sub-035,sub-035_nir.avi,16246,,,,,,
subject_sub-035_frame_019570,sub-035,sub-035_nir.avi,19570,,,,,,
subject_sub-035_frame_022894,sub-035,sub-035_nir.avi,22894,,,,,,
subject_sub-035_frame_026219,sub-035,sub-035_nir.avi,26219,,,,,,
subject_sub-035_frame_034648,sub-035,sub-035_nir.avi,34648,,,,,,
subject_sub-035_frame_037894,sub-035,sub-035_nir.avi,37894,,,,,,
subject_sub-035_frame_041142,sub-035,sub-035_nir.avi,41142,,,,,,
subject_sub-035_frame_044388,sub-035,sub-035_nir.avi,44388,,,,,,
subject_sub-035_frame_047634,sub-035,sub-035_nir.avi,47634,,,,,,
subject_sub-036_frame_014831,sub-036,sub-036_nir.avi,14831,,,,,,
subject_sub-036_frame_018282,sub-036,sub-036_nir.avi,18282,,,,,,
subject_sub-036_frame_021733,sub-036,sub-036_nir.avi,21733,,,,,,
subject_sub-036_frame_025184,sub-036,sub-036_nir.avi,25184,,,,,,
subject_sub-036_frame_028635,sub-036,sub-036_nir.avi,28635,,,,,,
subject_sub-036_frame_037443,sub-036,sub-036_nir.avi,37443,,,,,,
subject_sub-036_frame_040657,sub-036,sub-036_nir.avi,40657,,,,,,
subject_sub-036_frame_043871,sub-036,sub-036_nir.avi,43871,,,,,,
subject_sub-036_frame_047084,sub-036,sub-036_nir.avi,47084,,,,,,
subject_sub-036_frame_050298,sub-036,sub-036_nir.avi,50298,,,,,,
subject_sub-037_frame_016519,sub-037,sub-037_nir.avi,16519,,,,,,
subject_sub-037_frame_020170,sub-037,sub-037_nir.avi,20170,,,,,,
subject_sub-037_frame_023823,sub-037,sub-037_nir.avi,23823,,,,,,
subject_sub-037_frame_027474,sub-037,sub-037_nir.avi,27474,,,,,,
subject_sub-037_frame_031125,sub-037,sub-037_nir.avi,31125,,,,,,
subject_sub-037_frame_040198,sub-037,sub-037_nir.avi,40198,,,,,,
subject_sub-037_frame_043584,sub-037,sub-037_nir.avi,43584,,,,,,
subject_sub-037_frame_046969,sub-037,sub-037_nir.avi,46969,,,,,,
subject_sub-037_frame_050353,sub-037,sub-037_nir.avi,50353,,,,,,
subject_sub-037_frame_053733,sub-037,sub-037_nir.avi,53733,,,,,,
subject_sub-038_frame_017376,sub-038,sub-038_nir.avi,17376,,,,,,
subject_sub-038_frame_020518,sub-038,sub-038_nir.avi,20518,,,,,,
subject_sub-038_frame_023660,sub-038,sub-038_nir.avi,23660,,,,,,
subject_sub-038_frame_026804,sub-038,sub-038_nir.avi,26804,,,,,,
subject_sub-038_frame_029946,sub-038,sub-038_nir.avi,29946,,,,,,
subject_sub-038_frame_038550,sub-038,sub-038_nir.avi,38550,,,,,,
subject_sub-038_frame_041652,sub-038,sub-038_nir.avi,41652,,,,,,
subject_sub-038_frame_044753,sub-038,sub-038_nir.avi,44753,,,,,,
subject_sub-038_frame_047855,sub-038,sub-038_nir.avi,47855,,,,,,
subject_sub-038_frame_050957,sub-038,sub-038_nir.avi,50957,,,,,,
subject_sub-039_frame_012683,sub-039,sub-039_nir.avi,12683,,,,,,
subject_sub-039_frame_015953,sub-039,sub-039_nir.avi,15953,,,,,,
subject_sub-039_frame_019213,sub-039,sub-039_nir.avi,19213,,,,,,
subject_sub-039_frame_022483,sub-039,sub-039_nir.avi,22483,,,,,,
subject_sub-039_frame_025753,sub-039,sub-039_nir.avi,25753,,,,,,
subject_sub-039_frame_034085,sub-039,sub-039_nir.avi,34085,,,,,,
subject_sub-039_frame_037282,sub-039,sub-039_nir.avi,37282,,,,,,
subject_sub-039_frame_040481,sub-039,sub-039_nir.avi,40481,,,,,,
subject_sub-039_frame_043678,sub-039,sub-039_nir.avi,43678,,,,,,
subject_sub-039_frame_046876,sub-039,sub-039_nir.avi,46876,,,,,,
subject_sub-040_frame_013081,sub-040,sub-040_nir.avi,13081,,,,,,
subject_sub-040_frame_016500,sub-040,sub-040_nir.avi,16500,,,,,,
subject_sub-040_frame_019920,sub-040,sub-040_nir.avi,19920,,,,,,
subject_sub-040_frame_023340,sub-040,sub-040_nir.avi,23340,,,,,,
subject_sub-040_frame_026758,sub-040,sub-040_nir.avi,26758,,,,,,
subject_sub-040_frame_035277,sub-040,sub-040_nir.avi,35277,,,,,,
subject_sub-040_frame_038643,sub-040,sub-040_nir.avi,38643,,,,,,
subject_sub-040_frame_042008,sub-040,sub-040_nir.avi,42008,,,,,,
subject_sub-040_frame_045375,sub-040,sub-040_nir.avi,45375,,,,,,
subject_sub-040_frame_048740,sub-040,sub-040_nir.avi,48740,,,,,,
subject_sub-041_frame_008923,sub-041,sub-041_nir.avi,8923,,,,,,
subject_sub-041_frame_011985,sub-041,sub-041_nir.avi,11985,,,,,,
subject_sub-041_frame_015046,sub-041,sub-041_nir.avi,15046,,,,,,
subject_sub-041_frame_018107,sub-041,sub-041_nir.avi,18107,,,,,,
subject_sub-041_frame_021169,sub-041,sub-041_nir.avi,21169,,,,,,
subject_sub-041_frame_028637,sub-041,sub-041_nir.avi,28637,,,,,,
subject_sub-041_frame_031690,sub-041,sub-041_nir.avi,31690,,,,,,
subject_sub-041_frame_034744,sub-041,sub-041_nir.avi,34744,,,,,,
subject_sub-041_frame_037797,sub-041,sub-041_nir.avi,37797,,,,,,
subject_sub-041_frame_040851,sub-041,sub-041_nir.avi,40851,,,,,,
subject_sub-042_frame_012540,sub-042,sub-042_nir.avi,12540,,,,,,
subject_sub-042_frame_015783,sub-042,sub-042_nir.avi,15783,,,,,,
subject_sub-042_frame_019026,sub-042,sub-042_nir.avi,19026,,,,,,
subject_sub-042_frame_022270,sub-042,sub-042_nir.avi,22270,,,,,,
subject_sub-042_frame_025514,sub-042,sub-042_nir.avi,25514,,,,,,
subject_sub-042_frame_033685,sub-042,sub-042_nir.avi,33685,,,,,,
subject_sub-042_frame_036868,sub-042,sub-042_nir.avi,36868,,,,,,
subject_sub-042_frame_040052,sub-042,sub-042_nir.avi,40052,,,,,,
subject_sub-042_frame_043236,sub-042,sub-042_nir.avi,43236,,,,,,
subject_sub-042_frame_046421,sub-042,sub-042_nir.avi,46421,,,,,,
subject_sub-043_frame_011481,sub-043,sub-043_nir.avi,11481,,,,,,
subject_sub-043_frame_014754,sub-043,sub-043_nir.avi,14754,,,,,,
subject_sub-043_frame_018029,sub-043,sub-043_nir.avi,18029,,,,,,
subject_sub-043_frame_021302,sub-043,sub-043_nir.avi,21302,,,,,,
subject_sub-043_frame_024576,sub-043,sub-043_nir.avi,24576,,,,,,
subject_sub-043_frame_035550,sub-043,sub-043_nir.avi,35550,,,,,,
subject_sub-043_frame_038852,sub-043,sub-043_nir.avi,38852,,,,,,
subject_sub-043_frame_042153,sub-043,sub-043_nir.avi,42153,,,,,,
subject_sub-043_frame_045454,sub-043,sub-043_nir.avi,45454,,,,,,
subject_sub-043_frame_048756,sub-043,sub-043_nir.avi,48756,,,,,,
subject_sub-044_frame_012827,sub-044,sub-044_nir.avi,12827,,,,,,
subject_sub-044_frame_016046,sub-044,sub-044_nir.avi,16046,,,,,,
subject_sub-044_frame_019266,sub-044,sub-044_nir.avi,19266,,,,,,
subject_sub-044_frame_022483,sub-044,sub-044_nir.avi,22483,,,,,,
subject_sub-044_frame_025703,sub-044,sub-044_nir.avi,25703,,,,,,
subject_sub-044_frame_033782,sub-044,sub-044_nir.avi,33782,,,,,,
subject_sub-044_frame_036963,sub-044,sub-044_nir.avi,36963,,,,,,
subject_sub-044_frame_040143,sub-044,sub-044_nir.avi,40143,,,,,,
subject_sub-044_frame_043324,sub-044,sub-044_nir.avi,43324,,,,,,
subject_sub-044_frame_046504,sub-044,sub-044_nir.avi,46504,,,,,,
subject_sub-045_frame_014434,sub-045,sub-045_nir.avi,14434,,,,,,
subject_sub-045_frame_017907,sub-045,sub-045_nir.avi,17907,,,,,,
subject_sub-045_frame_021381,sub-045,sub-045_nir.avi,21381,,,,,,
subject_sub-045_frame_024854,sub-045,sub-045_nir.avi,24854,,,,,,
subject_sub-045_frame_028327,sub-045,sub-045_nir.avi,28327,,,,,,
subject_sub-045_frame_037024,sub-045,sub-045_nir.avi,37024,,,,,,
subject_sub-045_frame_040407,sub-045,sub-045_nir.avi,40407,,,,,,
subject_sub-045_frame_043791,sub-045,sub-045_nir.avi,43791,,,,,,
subject_sub-045_frame_047175,sub-045,sub-045_nir.avi,47175,,,,,,
subject_sub-045_frame_050558,sub-045,sub-045_nir.avi,50558,,,,,,
subject_sub-046_frame_011984,sub-046,sub-046_nir.avi,11984,,,,,,
subject_sub-046_frame_015339,sub-046,sub-046_nir.avi,15339,,,,,,
subject_sub-046_frame_018694,sub-046,sub-046_nir.avi,18694,,,,,,
subject_sub-046_frame_022048,sub-046,sub-046_nir.avi,22048,,,,,,
subject_sub-046_frame_025403,sub-046,sub-046_nir.avi,25403,,,,,,
subject_sub-046_frame_033992,sub-046,sub-046_nir.avi,33992,,,,,,
subject_sub-046_frame_037304,sub-046,sub-046_nir.avi,37304,,,,,,
subject_sub-046_frame_040614,sub-046,sub-046_nir.avi,40614,,,,,,
subject_sub-046_frame_043925,sub-046,sub-046_nir.avi,43925,,,,,,
subject_sub-046_frame_047237,sub-046,sub-046_nir.avi,47237,,,,,,
subject_sub-047_frame_017890,sub-047,sub-047_nir.avi,17890,,,,,,
subject_sub-047_frame_021269,sub-047,sub-047_nir.avi,21269,,,,,,
subject_sub-047_frame_024648,sub-047,sub-047_nir.avi,24648,,,,,,
subject_sub-047_frame_028027,sub-047,sub-047_nir.avi,28027,,,,,,
subject_sub-047_frame_031406,sub-047,sub-047_nir.avi,31406,,,,,,
subject_sub-047_frame_041358,sub-047,sub-047_nir.avi,41358,,,,,,
subject_sub-047_frame_044836,sub-047,sub-047_nir.avi,44836,,,,,,
subject_sub-047_frame_048313,sub-047,sub-047_nir.avi,48313,,,,,,
subject_sub-047_frame_051791,sub-047,sub-047_nir.avi,51791,,,,,,
subject_sub-047_frame_055268,sub-047,sub-047_nir.avi,55268,,,,,,
subject_sub-048_frame_013582,sub-048,sub-048_nir.avi,13582,,,,,,
subject_sub-048_frame_016849,sub-048,sub-048_nir.avi,16849,,,,,,
subject_sub-048_frame_020116,sub-048,sub-048_nir.avi,20116,,,,,,
subject_sub-048_frame_023384,sub-048,sub-048_nir.avi,23384,,,,,,
subject_sub-048_frame_026651,sub-048,sub-048_nir.avi,26651,,,,,,
subject_sub-048_frame_035097,sub-048,sub-048_nir.avi,35097,,,,,,
subject_sub-048_frame_038397,sub-048,sub-048_nir.avi,38397,,,,,,
subject_sub-048_frame_041697,sub-048,sub-048_nir.avi,41697,,,,,,
subject_sub-048_frame_044997,sub-048,sub-048_nir.avi,44997,,,,,,
subject_sub-048_frame_048298,sub-048,sub-048_nir.avi,48298,,,,,,
subject_sub-049_frame_011984,sub-049,sub-049_nir.avi,11984,,,,,,
subject_sub-049_frame_015316,sub-049,sub-049_nir.avi,15316,,,,,,
subject_sub-049_frame_018646,sub-049,sub-049_nir.avi,18646,,,,,,
subject_sub-049_frame_021978,sub-049,sub-049_nir.avi,21978,,,,,,
subject_sub-049_frame_025308,sub-049,sub-049_nir.avi,25308,,,,,,
subject_sub-049_frame_034917,sub-049,sub-049_nir.avi,34917,,,,,,
subject_sub-049_frame_038201,sub-049,sub-049_nir.avi,38201,,,,,,
subject_sub-049_frame_041484,sub-049,sub-049_nir.avi,41484,,,,,,
subject_sub-049_frame_044767,sub-049,sub-049_nir.avi,44767,,,,,,
subject_sub-049_frame_048051,sub-049,sub-049_nir.avi,48051,,,,,,
subject_sub-050_frame_014453,sub-050,sub-050_nir.avi,14453,,,,,,
subject_sub-050_frame_017801,sub-050,sub-050_nir.avi,17801,,,,,,
subject_sub-050_frame_021148,sub-050,sub-050_nir.avi,21148,,,,,,
subject_sub-050_frame_024495,sub-050,sub-050_nir.avi,24495,,,,,,
subject_sub-050_frame_027843,sub-050,sub-050_nir.avi,27843,,,,,,
subject_sub-050_frame_039034,sub-050,sub-050_nir.avi,39034,,,,,,
subject_sub-050_frame_042350,sub-050,sub-050_nir.avi,42350,,,,,,
subject_sub-050_frame_045667,sub-050,sub-050_nir.avi,45667,,,,,,
subject_sub-050_frame_048983,sub-050,sub-050_nir.avi,48983,,,,,,
subject_sub-050_frame_052301,sub-050,sub-050_nir.avi,52301,,,,,,
subject_sub-051_frame_012138,sub-051,sub-051_nir.avi,12138,,,,,,
subject_sub-051_frame_015464,sub-051,sub-051_nir.avi,15464,,,,,,
subject_sub-051_frame_018791,sub-051,sub-051_nir.avi,18791,,,,,,
subject_sub-051_frame_022117,sub-051,sub-051_nir.avi,22117,,,,,,
subject_sub-051_frame_025445,sub-051,sub-051_nir.avi,25445,,,,,,
subject_sub-051_frame_033624,sub-051,sub-051_nir.avi,33624,,,,,,
subject_sub-051_frame_036854,sub-051,sub-051_nir.avi,36854,,,,,,
subject_sub-051_frame_040085,sub-051,sub-051_nir.avi,40085,,,,,,
subject_sub-051_frame_043315,sub-051,sub-051_nir.avi,43315,,,,,,
subject_sub-051_frame_046546,sub-051,sub-051_nir.avi,46546,,,,,,
subject_sub-052_frame_014046,sub-052,sub-052_nir.avi,14046,,,,,,
subject_sub-052_frame_017298,sub-052,sub-052_nir.avi,17298,,,,,,
subject_sub-052_frame_020551,sub-052,sub-052_nir.avi,20551,,,,,,
subject_sub-052_frame_023803,sub-052,sub-052_nir.avi,23803,,,,,,
subject_sub-052_frame_027055,sub-052,sub-052_nir.avi,27055,,,,,,
subject_sub-052_frame_035350,sub-052,sub-052_nir.avi,35350,,,,,,
subject_sub-052_frame_038539,sub-052,sub-052_nir.avi,38539,,,,,,
subject_sub-052_frame_041729,sub-052,sub-052_nir.avi,41729,,,,,,
subject_sub-052_frame_044919,sub-052,sub-052_nir.avi,44919,,,,,,
subject_sub-052_frame_048110,sub-052,sub-052_nir.avi,48110,,,,,,
subject_sub-053_frame_015533,sub-053,sub-053_nir.avi,15533,,,,,,
subject_sub-053_frame_018749,sub-053,sub-053_nir.avi,18749,,,,,,
subject_sub-053_frame_021963,sub-053,sub-053_nir.avi,21963,,,,,,
subject_sub-053_frame_025180,sub-053,sub-053_nir.avi,25180,,,,,,
subject_sub-053_frame_028396,sub-053,sub-053_nir.avi,28396,,,,,,
subject_sub-053_frame_036519,sub-053,sub-053_nir.avi,36519,,,,,,
subject_sub-053_frame_039759,sub-053,sub-053_nir.avi,39759,,,,,,
subject_sub-053_frame_043000,sub-053,sub-053_nir.avi,43000,,,,,,
subject_sub-053_frame_046241,sub-053,sub-053_nir.avi,46241,,,,,,
subject_sub-053_frame_049482,sub-053,sub-053_nir.avi,49482,,,,,,
subject_sub-054_frame_013220,sub-054,sub-054_nir.avi,13220,,,,,,
subject_sub-054_frame_016511,sub-054,sub-054_nir.avi,16511,,,,,,
subject_sub-054_frame_019803,sub-054,sub-054_nir.avi,19803,,,,,,
subject_sub-054_frame_023095,sub-054,sub-054_nir.avi,23095,,,,,,
subject_sub-054_frame_026385,sub-054,sub-054_nir.avi,26385,,,,,,
subject_sub-054_frame_034609,sub-054,sub-054_nir.avi,34609,,,,,,
subject_sub-054_frame_037746,sub-054,sub-054_nir.avi,37746,,,,,,
subject_sub-054_frame_040883,sub-054,sub-054_nir.avi,40883,,,,,,
subject_sub-054_frame_044021,sub-054,sub-054_nir.avi,44021,,,,,,
subject_sub-054_frame_047158,sub-054,sub-054_nir.avi,47158,,,,,,
subject_sub-055_frame_012645,sub-055,sub-055_nir.avi,12645,,,,,,
subject_sub-055_frame_015908,sub-055,sub-055_nir.avi,15908,,,,,,
subject_sub-055_frame_019171,sub-055,sub-055_nir.avi,19171,,,,,,
subject_sub-055_frame_022434,sub-055,sub-055_nir.avi,22434,,,,,,
subject_sub-055_frame_025697,sub-055,sub-055_nir.avi,25697,,,,,,
subject_sub-055_frame_033956,sub-055,sub-055_nir.avi,33956,,,,,,
subject_sub-055_frame_037112,sub-055,sub-055_nir.avi,37112,,,,,,
subject_sub-055_frame_040269,sub-055,sub-055_nir.avi,40269,,,,,,
subject_sub-055_frame_043425,sub-055,sub-055_nir.avi,43425,,,,,,
subject_sub-055_frame_046581,sub-055,sub-055_nir.avi,46581,,,,,,
subject_sub-061_frame_014782,sub-061,sub-061_nir.avi,14782,,,,,,
subject_sub-061_frame_018048,sub-061,sub-061_nir.avi,18048,,,,,,
subject_sub-061_frame_021314,sub-061,sub-061_nir.avi,21314,,,,,,
subject_sub-061_frame_024580,sub-061,sub-061_nir.avi,24580,,,,,,
subject_sub-061_frame_027846,sub-061,sub-061_nir.avi,27846,,,,,,
subject_sub-061_frame_037360,sub-061,sub-061_nir.avi,37360,,,,,,
subject_sub-061_frame_040681,sub-061,sub-061_nir.avi,40681,,,,,,
subject_sub-061_frame_044002,sub-061,sub-061_nir.avi,44002,,,,,,
subject_sub-061_frame_047323,sub-061,sub-061_nir.avi,47323,,,,,,
subject_sub-061_frame_050645,sub-061,sub-061_nir.avi,50645,,,,,,
