image_id,subject,batch,block,frame_idx,unix_ms,image_path,source_video
subject_sub-011_frame_011337,sub-011,batch1,1,11337,1786792015890,images/batch1/subject_sub-011_frame_011337.jpg,E:\正式实验\sub-011_\nir\sub-011_nir.avi
subject_sub-011_frame_014529,sub-011,batch1,1,14529,1786792122253,images/batch1/subject_sub-011_frame_014529.jpg,E:\正式实验\sub-011_\nir\sub-011_nir.avi
subject_sub-011_frame_017721,sub-011,batch1,1,17721,1786792228669,images/batch1/subject_sub-011_frame_017721.jpg,E:\正式实验\sub-011_\nir\sub-011_nir.avi
subject_sub-011_frame_020912,sub-011,batch1,1,20912,1786792335039,images/batch1/subject_sub-011_frame_020912.jpg,E:\正式实验\sub-011_\nir\sub-011_nir.avi
subject_sub-011_frame_024105,sub-011,batch1,1,24105,1786792441452,images/batch1/subject_sub-011_frame_024105.jpg,E:\正式实验\sub-011_\nir\sub-011_nir.avi
subject_sub-011_frame_033254,sub-011,batch1,2,33254,1786792746410,images/batch1/subject_sub-011_frame_033254.jpg,E:\正式实验\sub-011_\nir\sub-011_nir.avi
subject_sub-011_frame_036534,sub-011,batch1,2,36534,1786792855755,images/batch1/subject_sub-011_frame_036534.jpg,E:\正式实验\sub-011_\nir\sub-011_nir.avi
subject_sub-011_frame_039814,sub-011,batch1,2,39814,1786792965082,images/batch1/subject_sub-011_frame_039814.jpg,E:\正式实验\sub-011_\nir\sub-011_nir.avi
subject_sub-011_frame_043094,sub-011,batch1,2,43094,1786793074425,images/batch1/subject_sub-011_frame_043094.jpg,E:\正式实验\sub-011_\nir\sub-011_nir.avi
subject_sub-011_frame_046374,sub-011,batch1,2,46374,1786793183752,images/batch1/subject_sub-011_frame_046374.jpg,E:\正式实验\sub-011_\nir\sub-011_nir.avi
subject_sub-011_frame_055838,sub-011,batch1,3,55838,1786793499245,images/batch1/subject_sub-011_frame_055838.jpg,E:\正式实验\sub-011_\nir\sub-011_nir.avi
subject_sub-011_frame_058985,sub-011,batch1,3,58985,1786793604136,images/batch1/subject_sub-011_frame_058985.jpg,E:\正式实验\sub-011_\nir\sub-011_nir.avi
subject_sub-011_frame_062131,sub-011,batch1,3,62131,1786793708983,images/batch1/subject_sub-011_frame_062131.jpg,E:\正式实验\sub-011_\nir\sub-011_nir.avi
subject_sub-011_frame_065278,sub-011,batch1,3,65278,1786793813879,images/batch1/subject_sub-011_frame_065278.jpg,E:\正式实验\sub-011_\nir\sub-011_nir.avi
subject_sub-011_frame_068423,sub-011,batch1,3,68423,1786793918741,images/batch1/subject_sub-011_frame_068423.jpg,E:\正式实验\sub-011_\nir\sub-011_nir.avi
subject_sub-012_frame_011730,sub-012,batch1,1,11730,1786794051217,images/batch1/subject_sub-012_frame_011730.jpg,E:\正式实验\sub-012_\nir\sub-012_nir.avi
subject_sub-012_frame_014995,sub-012,batch1,1,14995,1786794160087,images/batch1/subject_sub-012_frame_014995.jpg,E:\正式实验\sub-012_\nir\sub-012_nir.avi
subject_sub-012_frame_018262,sub-012,batch1,1,18262,1786794269001,images/batch1/subject_sub-012_frame_018262.jpg,E:\正式实验\sub-012_\nir\sub-012_nir.avi
subject_sub-012_frame_021530,sub-012,batch1,1,21530,1786794377894,images/batch1/subject_sub-012_frame_021530.jpg,E:\正式实验\sub-012_\nir\sub-012_nir.avi
subject_sub-012_frame_024798,sub-012,batch1,1,24798,1786794486846,images/batch1/subject_sub-012_frame_024798.jpg,E:\正式实验\sub-012_\nir\sub-012_nir.avi
subject_sub-012_frame_033459,sub-012,batch1,2,33459,1786794775521,images/batch1/subject_sub-012_frame_033459.jpg,E:\正式实验\sub-012_\nir\sub-012_nir.avi
subject_sub-012_frame_036834,sub-012,batch1,2,36834,1786794888032,images/batch1/subject_sub-012_frame_036834.jpg,E:\正式实验\sub-012_\nir\sub-012_nir.avi
subject_sub-012_frame_040210,sub-012,batch1,2,40210,1786795000561,images/batch1/subject_sub-012_frame_040210.jpg,E:\正式实验\sub-012_\nir\sub-012_nir.avi
subject_sub-012_frame_043586,sub-012,batch1,2,43586,1786795113094,images/batch1/subject_sub-012_frame_043586.jpg,E:\正式实验\sub-012_\nir\sub-012_nir.avi
subject_sub-012_frame_046962,sub-012,batch1,2,46962,1786795225651,images/batch1/subject_sub-012_frame_046962.jpg,E:\正式实验\sub-012_\nir\sub-012_nir.avi
subject_sub-012_frame_055330,sub-012,batch1,3,55330,1786795504572,images/batch1/subject_sub-012_frame_055330.jpg,E:\正式实验\sub-012_\nir\sub-012_nir.avi
subject_sub-012_frame_058609,sub-012,batch1,3,58609,1786795613871,images/batch1/subject_sub-012_frame_058609.jpg,E:\正式实验\sub-012_\nir\sub-012_nir.avi
subject_sub-012_frame_061888,sub-012,batch1,3,61888,1786795723161,images/batch1/subject_sub-012_frame_061888.jpg,E:\正式实验\sub-012_\nir\sub-012_nir.avi
subject_sub-012_frame_065166,sub-012,batch1,3,65166,1786795832428,images/batch1/subject_sub-012_frame_065166.jpg,E:\正式实验\sub-012_\nir\sub-012_nir.avi
subject_sub-012_frame_068445,sub-012,batch1,3,68445,1786795941721,images/batch1/subject_sub-012_frame_068445.jpg,E:\正式实验\sub-012_\nir\sub-012_nir.avi
subject_sub-013_frame_012501,sub-013,batch1,1,12501,1786793888007,images/batch1/subject_sub-013_frame_012501.jpg,E:\正式实验\sub-013_\nir\sub-013_nir.avi
subject_sub-013_frame_015833,sub-013,batch1,1,15833,1786793999066,images/batch1/subject_sub-013_frame_015833.jpg,E:\正式实验\sub-013_\nir\sub-013_nir.avi
subject_sub-013_frame_019164,sub-013,batch1,1,19164,1786794110121,images/batch1/subject_sub-013_frame_019164.jpg,E:\正式实验\sub-013_\nir\sub-013_nir.avi
subject_sub-013_frame_022496,sub-013,batch1,1,22496,1786794221189,images/batch1/subject_sub-013_frame_022496.jpg,E:\正式实验\sub-013_\nir\sub-013_nir.avi
subject_sub-013_frame_025828,sub-013,batch1,1,25828,1786794332248,images/batch1/subject_sub-013_frame_025828.jpg,E:\正式实验\sub-013_\nir\sub-013_nir.avi
subject_sub-013_frame_034107,sub-013,batch1,2,34107,1786794608228,images/batch1/subject_sub-013_frame_034107.jpg,E:\正式实验\sub-013_\nir\sub-013_nir.avi
subject_sub-013_frame_037378,sub-013,batch1,2,37378,1786794717254,images/batch1/subject_sub-013_frame_037378.jpg,E:\正式实验\sub-013_\nir\sub-013_nir.avi
subject_sub-013_frame_040648,sub-013,batch1,2,40648,1786794826264,images/batch1/subject_sub-013_frame_040648.jpg,E:\正式实验\sub-013_\nir\sub-013_nir.avi
subject_sub-013_frame_043920,sub-013,batch1,2,43920,1786794935322,images/batch1/subject_sub-013_frame_043920.jpg,E:\正式实验\sub-013_\nir\sub-013_nir.avi
subject_sub-013_frame_047190,sub-013,batch1,2,47190,1786795044323,images/batch1/subject_sub-013_frame_047190.jpg,E:\正式实验\sub-013_\nir\sub-013_nir.avi
subject_sub-013_frame_055171,sub-013,batch1,3,55171,1786795310346,images/batch1/subject_sub-013_frame_055171.jpg,E:\正式实验\sub-013_\nir\sub-013_nir.avi
subject_sub-013_frame_058446,sub-013,batch1,3,58446,1786795419521,images/batch1/subject_sub-013_frame_058446.jpg,E:\正式实验\sub-013_\nir\sub-013_nir.avi
subject_sub-013_frame_061721,sub-013,batch1,3,61721,1786795528687,images/batch1/subject_sub-013_frame_061721.jpg,E:\正式实验\sub-013_\nir\sub-013_nir.avi
subject_sub-013_frame_064996,sub-013,batch1,3,64996,1786795637872,images/batch1/subject_sub-013_frame_064996.jpg,E:\正式实验\sub-013_\nir\sub-013_nir.avi
subject_sub-013_frame_068270,sub-013,batch1,3,68270,1786795747007,images/batch1/subject_sub-013_frame_068270.jpg,E:\正式实验\sub-013_\nir\sub-013_nir.avi
subject_sub-014_frame_011534,sub-014,batch1,1,11534,1786795655502,images/batch1/subject_sub-014_frame_011534.jpg,E:\正式实验\sub-014_\nir\sub-014_nir.avi
subject_sub-014_frame_014827,sub-014,batch1,1,14827,1786795765232,images/batch1/subject_sub-014_frame_014827.jpg,E:\正式实验\sub-014_\nir\sub-014_nir.avi
subject_sub-014_frame_018118,sub-014,batch1,1,18118,1786795874982,images/batch1/subject_sub-014_frame_018118.jpg,E:\正式实验\sub-014_\nir\sub-014_nir.avi
subject_sub-014_frame_021412,sub-014,batch1,1,21412,1786795984751,images/batch1/subject_sub-014_frame_021412.jpg,E:\正式实验\sub-014_\nir\sub-014_nir.avi
subject_sub-014_frame_024705,sub-014,batch1,1,24705,1786796094527,images/batch1/subject_sub-014_frame_024705.jpg,E:\正式实验\sub-014_\nir\sub-014_nir.avi
subject_sub-014_frame_034732,sub-014,batch1,2,34732,1786796428734,images/batch1/subject_sub-014_frame_034732.jpg,E:\正式实验\sub-014_\nir\sub-014_nir.avi
subject_sub-014_frame_038057,sub-014,batch1,2,38057,1786796539607,images/batch1/subject_sub-014_frame_038057.jpg,E:\正式实验\sub-014_\nir\sub-014_nir.avi
subject_sub-014_frame_041384,sub-014,batch1,2,41384,1786796650489,images/batch1/subject_sub-014_frame_041384.jpg,E:\正式实验\sub-014_\nir\sub-014_nir.avi
subject_sub-014_frame_044711,sub-014,batch1,2,44711,1786796761387,images/batch1/subject_sub-014_frame_044711.jpg,E:\正式实验\sub-014_\nir\sub-014_nir.avi
subject_sub-014_frame_048037,sub-014,batch1,2,48037,1786796872253,images/batch1/subject_sub-014_frame_048037.jpg,E:\正式实验\sub-014_\nir\sub-014_nir.avi
subject_sub-014_frame_056558,sub-014,batch1,3,56558,1786797156267,images/batch1/subject_sub-014_frame_056558.jpg,E:\正式实验\sub-014_\nir\sub-014_nir.avi
subject_sub-014_frame_060036,sub-014,batch1,3,60036,1786797272205,images/batch1/subject_sub-014_frame_060036.jpg,E:\正式实验\sub-014_\nir\sub-014_nir.avi
subject_sub-014_frame_063514,sub-014,batch1,3,63514,1786797388151,images/batch1/subject_sub-014_frame_063514.jpg,E:\正式实验\sub-014_\nir\sub-014_nir.avi
subject_sub-014_frame_066992,sub-014,batch1,3,66992,1786797504090,images/batch1/subject_sub-014_frame_066992.jpg,E:\正式实验\sub-014_\nir\sub-014_nir.avi
subject_sub-014_frame_070470,sub-014,batch1,3,70470,1786797620015,images/batch1/subject_sub-014_frame_070470.jpg,E:\正式实验\sub-014_\nir\sub-014_nir.avi
subject_sub-015_frame_015488,sub-015,batch1,1,15488,1786795808977,images/batch1/subject_sub-015_frame_015488.jpg,E:\正式实验\sub-015_\nir\sub-015_nir.avi
subject_sub-015_frame_018698,sub-015,batch1,1,18698,1786795915986,images/batch1/subject_sub-015_frame_018698.jpg,E:\正式实验\sub-015_\nir\sub-015_nir.avi
subject_sub-015_frame_021908,sub-015,batch1,1,21908,1786796022962,images/batch1/subject_sub-015_frame_021908.jpg,E:\正式实验\sub-015_\nir\sub-015_nir.avi
subject_sub-015_frame_025118,sub-015,batch1,1,25118,1786796129973,images/batch1/subject_sub-015_frame_025118.jpg,E:\正式实验\sub-015_\nir\sub-015_nir.avi
subject_sub-015_frame_028328,sub-015,batch1,1,28328,1786796236991,images/batch1/subject_sub-015_frame_028328.jpg,E:\正式实验\sub-015_\nir\sub-015_nir.avi
subject_sub-015_frame_037129,sub-015,batch1,2,37129,1786796530334,images/batch1/subject_sub-015_frame_037129.jpg,E:\正式实验\sub-015_\nir\sub-015_nir.avi
subject_sub-015_frame_040299,sub-015,batch1,2,40299,1786796635999,images/batch1/subject_sub-015_frame_040299.jpg,E:\正式实验\sub-015_\nir\sub-015_nir.avi
subject_sub-015_frame_043469,sub-015,batch1,2,43469,1786796741646,images/batch1/subject_sub-015_frame_043469.jpg,E:\正式实验\sub-015_\nir\sub-015_nir.avi
subject_sub-015_frame_046638,sub-015,batch1,2,46638,1786796847310,images/batch1/subject_sub-015_frame_046638.jpg,E:\正式实验\sub-015_\nir\sub-015_nir.avi
subject_sub-015_frame_049809,sub-015,batch1,2,49809,1786796953007,images/batch1/subject_sub-015_frame_049809.jpg,E:\正式实验\sub-015_\nir\sub-015_nir.avi
subject_sub-015_frame_058828,sub-015,batch1,3,58828,1786797253627,images/batch1/subject_sub-015_frame_058828.jpg,E:\正式实验\sub-015_\nir\sub-015_nir.avi
subject_sub-015_frame_062081,sub-015,batch1,3,62081,1786797362096,images/batch1/subject_sub-015_frame_062081.jpg,E:\正式实验\sub-015_\nir\sub-015_nir.avi
subject_sub-015_frame_065335,sub-015,batch1,3,65335,1786797470539,images/batch1/subject_sub-015_frame_065335.jpg,E:\正式实验\sub-015_\nir\sub-015_nir.avi
subject_sub-015_frame_068589,sub-015,batch1,3,68589,1786797579002,images/batch1/subject_sub-015_frame_068589.jpg,E:\正式实验\sub-015_\nir\sub-015_nir.avi
subject_sub-015_frame_071843,sub-015,batch1,3,71843,1786797687451,images/batch1/subject_sub-015_frame_071843.jpg,E:\正式实验\sub-015_\nir\sub-015_nir.avi
subject_sub-016_frame_010554,sub-016,batch1,1,10554,1786796806384,images/batch1/subject_sub-016_frame_010554.jpg,E:\正式实验\sub-016_\nir\sub-016_nir.avi
subject_sub-016_frame_013869,sub-016,batch1,1,13869,1786796916929,images/batch1/subject_sub-016_frame_013869.jpg,E:\正式实验\sub-016_\nir\sub-016_nir.avi
subject_sub-016_frame_017184,sub-016,batch1,1,17184,1786797027420,images/batch1/subject_sub-016_frame_017184.jpg,E:\正式实验\sub-016_\nir\sub-016_nir.avi
subject_sub-016_frame_020499,sub-016,batch1,1,20499,1786797137925,images/batch1/subject_sub-016_frame_020499.jpg,E:\正式实验\sub-016_\nir\sub-016_nir.avi
subject_sub-016_frame_023814,sub-016,batch1,1,23814,1786797248419,images/batch1/subject_sub-016_frame_023814.jpg,E:\正式实验\sub-016_\nir\sub-016_nir.avi
subject_sub-016_frame_032875,sub-016,batch1,2,32875,1786797550446,images/batch1/subject_sub-016_frame_032875.jpg,E:\正式实验\sub-016_\nir\sub-016_nir.avi
subject_sub-016_frame_036316,sub-016,batch1,2,36316,1786797665150,images/batch1/subject_sub-016_frame_036316.jpg,E:\正式实验\sub-016_\nir\sub-016_nir.avi
subject_sub-016_frame_039755,sub-016,batch1,2,39755,1786797779771,images/batch1/subject_sub-016_frame_039755.jpg,E:\正式实验\sub-016_\nir\sub-016_nir.avi
subject_sub-016_frame_043194,sub-016,batch1,2,43194,1786797894426,images/batch1/subject_sub-016_frame_043194.jpg,E:\正式实验\sub-016_\nir\sub-016_nir.avi
subject_sub-016_frame_046634,sub-016,batch1,2,46634,1786798009093,images/batch1/subject_sub-016_frame_046634.jpg,E:\正式实验\sub-016_\nir\sub-016_nir.avi
subject_sub-016_frame_057753,sub-016,batch1,3,57753,1786798379732,images/batch1/subject_sub-016_frame_057753.jpg,E:\正式实验\sub-016_\nir\sub-016_nir.avi
subject_sub-016_frame_060977,sub-016,batch1,3,60977,1786798487181,images/batch1/subject_sub-016_frame_060977.jpg,E:\正式实验\sub-016_\nir\sub-016_nir.avi
subject_sub-016_frame_064200,sub-016,batch1,3,64200,1786798594598,images/batch1/subject_sub-016_frame_064200.jpg,E:\正式实验\sub-016_\nir\sub-016_nir.avi
subject_sub-016_frame_067423,sub-016,batch1,3,67423,1786798702044,images/batch1/subject_sub-016_frame_067423.jpg,E:\正式实验\sub-016_\nir\sub-016_nir.avi
subject_sub-016_frame_070646,sub-016,batch1,3,70646,1786798809490,images/batch1/subject_sub-016_frame_070646.jpg,E:\正式实验\sub-016_\nir\sub-016_nir.avi
subject_sub-017_frame_012336,sub-017,batch1,1,12336,1786843989191,images/batch1/subject_sub-017_frame_012336.jpg,E:\正式实验\sub-017_\nir\sub-017_nir.avi
subject_sub-017_frame_015581,sub-017,batch1,1,15581,1786844097342,images/batch1/subject_sub-017_frame_015581.jpg,E:\正式实验\sub-017_\nir\sub-017_nir.avi
subject_sub-017_frame_018824,sub-017,batch1,1,18824,1786844205473,images/batch1/subject_sub-017_frame_018824.jpg,E:\正式实验\sub-017_\nir\sub-017_nir.avi
subject_sub-017_frame_022069,sub-017,batch1,1,22069,1786844313635,images/batch1/subject_sub-017_frame_022069.jpg,E:\正式实验\sub-017_\nir\sub-017_nir.avi
subject_sub-017_frame_025313,sub-017,batch1,1,25313,1786844421751,images/batch1/subject_sub-017_frame_025313.jpg,E:\正式实验\sub-017_\nir\sub-017_nir.avi
subject_sub-017_frame_033468,sub-017,batch1,2,33468,1786844693599,images/batch1/subject_sub-017_frame_033468.jpg,E:\正式实验\sub-017_\nir\sub-017_nir.avi
subject_sub-017_frame_036613,sub-017,batch1,2,36613,1786844798417,images/batch1/subject_sub-017_frame_036613.jpg,E:\正式实验\sub-017_\nir\sub-017_nir.avi
subject_sub-017_frame_039757,sub-017,batch1,2,39757,1786844903214,images/batch1/subject_sub-017_frame_039757.jpg,E:\正式实验\sub-017_\nir\sub-017_nir.avi
subject_sub-017_frame_042901,sub-017,batch1,2,42901,1786845008033,images/batch1/subject_sub-017_frame_042901.jpg,E:\正式实验\sub-017_\nir\sub-017_nir.avi
subject_sub-017_frame_046046,sub-017,batch1,2,46046,1786845112871,images/batch1/subject_sub-017_frame_046046.jpg,E:\正式实验\sub-017_\nir\sub-017_nir.avi
subject_sub-017_frame_054360,sub-017,batch1,3,54360,1786845389992,images/batch1/subject_sub-017_frame_054360.jpg,E:\正式实验\sub-017_\nir\sub-017_nir.avi
subject_sub-017_frame_057494,sub-017,batch1,3,57494,1786845494458,images/batch1/subject_sub-017_frame_057494.jpg,E:\正式实验\sub-017_\nir\sub-017_nir.avi
subject_sub-017_frame_060629,sub-017,batch1,3,60629,1786845598977,images/batch1/subject_sub-017_frame_060629.jpg,E:\正式实验\sub-017_\nir\sub-017_nir.avi
subject_sub-017_frame_063764,sub-017,batch1,3,63764,1786845703463,images/batch1/subject_sub-017_frame_063764.jpg,E:\正式实验\sub-017_\nir\sub-017_nir.avi
subject_sub-017_frame_066900,sub-017,batch1,3,66900,1786845807978,images/batch1/subject_sub-017_frame_066900.jpg,E:\正式实验\sub-017_\nir\sub-017_nir.avi
subject_sub-018_frame_012300,sub-018,batch1,1,12300,1786844613385,images/batch1/subject_sub-018_frame_012300.jpg,E:\正式实验\sub-018_\nir\sub-018_nir.avi
subject_sub-018_frame_015538,sub-018,batch1,1,15538,1786844721321,images/batch1/subject_sub-018_frame_015538.jpg,E:\正式实验\sub-018_\nir\sub-018_nir.avi
subject_sub-018_frame_018777,sub-018,batch1,1,18777,1786844829273,images/batch1/subject_sub-018_frame_018777.jpg,E:\正式实验\sub-018_\nir\sub-018_nir.avi
subject_sub-018_frame_022015,sub-018,batch1,1,22015,1786844937243,images/batch1/subject_sub-018_frame_022015.jpg,E:\正式实验\sub-018_\nir\sub-018_nir.avi
subject_sub-018_frame_025254,sub-018,batch1,1,25254,1786845045162,images/batch1/subject_sub-018_frame_025254.jpg,E:\正式实验\sub-018_\nir\sub-018_nir.avi
subject_sub-018_frame_033654,sub-018,batch1,2,33654,1786845325160,images/batch1/subject_sub-018_frame_033654.jpg,E:\正式实验\sub-018_\nir\sub-018_nir.avi
subject_sub-018_frame_036828,sub-018,batch1,2,36828,1786845430967,images/batch1/subject_sub-018_frame_036828.jpg,E:\正式实验\sub-018_\nir\sub-018_nir.avi
subject_sub-018_frame_040002,sub-018,batch1,2,40002,1786845536792,images/batch1/subject_sub-018_frame_040002.jpg,E:\正式实验\sub-018_\nir\sub-018_nir.avi
subject_sub-018_frame_043177,sub-018,batch1,2,43177,1786845642598,images/batch1/subject_sub-018_frame_043177.jpg,E:\正式实验\sub-018_\nir\sub-018_nir.avi
subject_sub-018_frame_046350,sub-018,batch1,2,46350,1786845748374,images/batch1/subject_sub-018_frame_046350.jpg,E:\正式实验\sub-018_\nir\sub-018_nir.avi
subject_sub-018_frame_054039,sub-018,batch1,3,54039,1786846004676,images/batch1/subject_sub-018_frame_054039.jpg,E:\正式实验\sub-018_\nir\sub-018_nir.avi
subject_sub-018_frame_057207,sub-018,batch1,3,57207,1786846110260,images/batch1/subject_sub-018_frame_057207.jpg,E:\正式实验\sub-018_\nir\sub-018_nir.avi
subject_sub-018_frame_060374,sub-018,batch1,3,60374,1786846215843,images/batch1/subject_sub-018_frame_060374.jpg,E:\正式实验\sub-018_\nir\sub-018_nir.avi
subject_sub-018_frame_063541,sub-018,batch1,3,63541,1786846321412,images/batch1/subject_sub-018_frame_063541.jpg,E:\正式实验\sub-018_\nir\sub-018_nir.avi
subject_sub-018_frame_066709,sub-018,batch1,3,66709,1786846426996,images/batch1/subject_sub-018_frame_066709.jpg,E:\正式实验\sub-018_\nir\sub-018_nir.avi
subject_sub-019_frame_018823,sub-019,batch1,1,18823,1786849807959,images/batch1/subject_sub-019_frame_018823.jpg,E:\正式实验\sub-019_\nir\sub-019_nir.avi
subject_sub-019_frame_022519,sub-019,batch1,1,22519,1786849931153,images/batch1/subject_sub-019_frame_022519.jpg,E:\正式实验\sub-019_\nir\sub-019_nir.avi
subject_sub-019_frame_026214,sub-019,batch1,1,26214,1786850054327,images/batch1/subject_sub-019_frame_026214.jpg,E:\正式实验\sub-019_\nir\sub-019_nir.avi
subject_sub-019_frame_029911,sub-019,batch1,1,29911,1786850177542,images/batch1/subject_sub-019_frame_029911.jpg,E:\正式实验\sub-019_\nir\sub-019_nir.avi
subject_sub-019_frame_033606,sub-019,batch1,1,33606,1786850300705,images/batch1/subject_sub-019_frame_033606.jpg,E:\正式实验\sub-019_\nir\sub-019_nir.avi
subject_sub-019_frame_048051,sub-019,batch1,2,48051,1786850782231,images/batch1/subject_sub-019_frame_048051.jpg,E:\正式实验\sub-019_\nir\sub-019_nir.avi
subject_sub-019_frame_051656,sub-019,batch1,2,51656,1786850902392,images/batch1/subject_sub-019_frame_051656.jpg,E:\正式实验\sub-019_\nir\sub-019_nir.avi
subject_sub-019_frame_055261,sub-019,batch1,2,55261,1786851022529,images/batch1/subject_sub-019_frame_055261.jpg,E:\正式实验\sub-019_\nir\sub-019_nir.avi
subject_sub-019_frame_058865,sub-019,batch1,2,58865,1786851142690,images/batch1/subject_sub-019_frame_058865.jpg,E:\正式实验\sub-019_\nir\sub-019_nir.avi
subject_sub-019_frame_062470,sub-019,batch1,2,62470,1786851262848,images/batch1/subject_sub-019_frame_062470.jpg,E:\正式实验\sub-019_\nir\sub-019_nir.avi
subject_sub-019_frame_074292,sub-019,batch1,3,74292,1786851656912,images/batch1/subject_sub-019_frame_074292.jpg,E:\正式实验\sub-019_\nir\sub-019_nir.avi
subject_sub-019_frame_077706,sub-019,batch1,3,77706,1786851770703,images/batch1/subject_sub-019_frame_077706.jpg,E:\正式实验\sub-019_\nir\sub-019_nir.avi
subject_sub-019_frame_081120,sub-019,batch1,3,81120,1786851884522,images/batch1/subject_sub-019_frame_081120.jpg,E:\正式实验\sub-019_\nir\sub-019_nir.avi
subject_sub-019_frame_084535,sub-019,batch1,3,84535,1786851998351,images/batch1/subject_sub-019_frame_084535.jpg,E:\正式实验\sub-019_\nir\sub-019_nir.avi
subject_sub-019_frame_087949,sub-019,batch1,3,87949,1786852112140,images/batch1/subject_sub-019_frame_087949.jpg,E:\正式实验\sub-019_\nir\sub-019_nir.avi
subject_sub-020_frame_014997,sub-020,batch1,1,14997,1786849941854,images/batch1/subject_sub-020_frame_014997.jpg,E:\正式实验\sub-020_\nir\sub-020_nir.avi
subject_sub-020_frame_018372,sub-020,batch1,1,18372,1786850054331,images/batch1/subject_sub-020_frame_018372.jpg,E:\正式实验\sub-020_\nir\sub-020_nir.avi
subject_sub-020_frame_021747,sub-020,batch1,1,21747,1786850166843,images/batch1/subject_sub-020_frame_021747.jpg,E:\正式实验\sub-020_\nir\sub-020_nir.avi
subject_sub-020_frame_025122,sub-020,batch1,1,25122,1786850279320,images/batch1/subject_sub-020_frame_025122.jpg,E:\正式实验\sub-020_\nir\sub-020_nir.avi
subject_sub-020_frame_028496,sub-020,batch1,1,28496,1786850391816,images/batch1/subject_sub-020_frame_028496.jpg,E:\正式实验\sub-020_\nir\sub-020_nir.avi
subject_sub-020_frame_038798,sub-020,batch1,2,38798,1786850735190,images/batch1/subject_sub-020_frame_038798.jpg,E:\正式实验\sub-020_\nir\sub-020_nir.avi
subject_sub-020_frame_042141,sub-020,batch1,2,42141,1786850846630,images/batch1/subject_sub-020_frame_042141.jpg,E:\正式实验\sub-020_\nir\sub-020_nir.avi
subject_sub-020_frame_045484,sub-020,batch1,2,45484,1786850958070,images/batch1/subject_sub-020_frame_045484.jpg,E:\正式实验\sub-020_\nir\sub-020_nir.avi
subject_sub-020_frame_048828,sub-020,batch1,2,48828,1786851069526,images/batch1/subject_sub-020_frame_048828.jpg,E:\正式实验\sub-020_\nir\sub-020_nir.avi
subject_sub-020_frame_052171,sub-020,batch1,2,52171,1786851180965,images/batch1/subject_sub-020_frame_052171.jpg,E:\正式实验\sub-020_\nir\sub-020_nir.avi
subject_sub-020_frame_061198,sub-020,batch1,3,61198,1786851481876,images/batch1/subject_sub-020_frame_061198.jpg,E:\正式实验\sub-020_\nir\sub-020_nir.avi
subject_sub-020_frame_064552,sub-020,batch1,3,64552,1786851593699,images/batch1/subject_sub-020_frame_064552.jpg,E:\正式实验\sub-020_\nir\sub-020_nir.avi
subject_sub-020_frame_067906,sub-020,batch1,3,67906,1786851705476,images/batch1/subject_sub-020_frame_067906.jpg,E:\正式实验\sub-020_\nir\sub-020_nir.avi
subject_sub-020_frame_071260,sub-020,batch1,3,71260,1786851817284,images/batch1/subject_sub-020_frame_071260.jpg,E:\正式实验\sub-020_\nir\sub-020_nir.avi
subject_sub-020_frame_074614,sub-020,batch1,3,74614,1786851929057,images/batch1/subject_sub-020_frame_074614.jpg,E:\正式实验\sub-020_\nir\sub-020_nir.avi
subject_sub-021_frame_014094,sub-021,batch1,1,14094,1786864023589,images/batch1/subject_sub-021_frame_014094.jpg,E:\正式实验\sub-021_\nir\sub-021_nir.avi
subject_sub-021_frame_017379,sub-021,batch1,1,17379,1786864133076,images/batch1/subject_sub-021_frame_017379.jpg,E:\正式实验\sub-021_\nir\sub-021_nir.avi
subject_sub-021_frame_020665,sub-021,batch1,1,20665,1786864242613,images/batch1/subject_sub-021_frame_020665.jpg,E:\正式实验\sub-021_\nir\sub-021_nir.avi
subject_sub-021_frame_023950,sub-021,batch1,1,23950,1786864352113,images/batch1/subject_sub-021_frame_023950.jpg,E:\正式实验\sub-021_\nir\sub-021_nir.avi
subject_sub-021_frame_027235,sub-021,batch1,1,27235,1786864461615,images/batch1/subject_sub-021_frame_027235.jpg,E:\正式实验\sub-021_\nir\sub-021_nir.avi
subject_sub-021_frame_036077,sub-021,batch1,2,36077,1786864756318,images/batch1/subject_sub-021_frame_036077.jpg,E:\正式实验\sub-021_\nir\sub-021_nir.avi
subject_sub-021_frame_039320,sub-021,batch1,2,39320,1786864864446,images/batch1/subject_sub-021_frame_039320.jpg,E:\正式实验\sub-021_\nir\sub-021_nir.avi
subject_sub-021_frame_042564,sub-021,batch1,2,42564,1786864972579,images/batch1/subject_sub-021_frame_042564.jpg,E:\正式实验\sub-021_\nir\sub-021_nir.avi
subject_sub-021_frame_045808,sub-021,batch1,2,45808,1786865080704,images/batch1/subject_sub-021_frame_045808.jpg,E:\正式实验\sub-021_\nir\sub-021_nir.avi
subject_sub-021_frame_049052,sub-021,batch1,2,49052,1786865188827,images/batch1/subject_sub-021_frame_049052.jpg,E:\正式实验\sub-021_\nir\sub-021_nir.avi
subject_sub-021_frame_058975,sub-021,batch1,3,58975,1786865519610,images/batch1/subject_sub-021_frame_058975.jpg,E:\正式实验\sub-021_\nir\sub-021_nir.avi
subject_sub-021_frame_062148,sub-021,batch1,3,62148,1786865625360,images/batch1/subject_sub-021_frame_062148.jpg,E:\正式实验\sub-021_\nir\sub-021_nir.avi
subject_sub-021_frame_065320,sub-021,batch1,3,65320,1786865731096,images/batch1/subject_sub-021_frame_065320.jpg,E:\正式实验\sub-021_\nir\sub-021_nir.avi
subject_sub-021_frame_068492,sub-021,batch1,3,68492,1786865836848,images/batch1/subject_sub-021_frame_068492.jpg,E:\正式实验\sub-021_\nir\sub-021_nir.avi
subject_sub-021_frame_071665,sub-021,batch1,3,71665,1786865942615,images/batch1/subject_sub-021_frame_071665.jpg,E:\正式实验\sub-021_\nir\sub-021_nir.avi
subject_sub-022_frame_013989,sub-022,batch1,1,13989,1786867733701,images/batch1/subject_sub-022_frame_013989.jpg,E:\正式实验\sub-022_\nir\sub-022_nir.avi
subject_sub-022_frame_017252,sub-022,batch1,1,17252,1786867842453,images/batch1/subject_sub-022_frame_017252.jpg,E:\正式实验\sub-022_\nir\sub-022_nir.avi
subject_sub-022_frame_020515,sub-022,batch1,1,20515,1786867951227,images/batch1/subject_sub-022_frame_020515.jpg,E:\正式实验\sub-022_\nir\sub-022_nir.avi
subject_sub-022_frame_023778,sub-022,batch1,1,23778,1786868059976,images/batch1/subject_sub-022_frame_023778.jpg,E:\正式实验\sub-022_\nir\sub-022_nir.avi
subject_sub-022_frame_027041,sub-022,batch1,1,27041,1786868168742,images/batch1/subject_sub-022_frame_027041.jpg,E:\正式实验\sub-022_\nir\sub-022_nir.avi
subject_sub-022_frame_035603,sub-022,batch1,2,35603,1786868454154,images/batch1/subject_sub-022_frame_035603.jpg,E:\正式实验\sub-022_\nir\sub-022_nir.avi
subject_sub-022_frame_038756,sub-022,batch1,2,38756,1786868559252,images/batch1/subject_sub-022_frame_038756.jpg,E:\正式实验\sub-022_\nir\sub-022_nir.avi
subject_sub-022_frame_041910,sub-022,batch1,2,41910,1786868664407,images/batch1/subject_sub-022_frame_041910.jpg,E:\正式实验\sub-022_\nir\sub-022_nir.avi
subject_sub-022_frame_045064,sub-022,batch1,2,45064,1786868769503,images/batch1/subject_sub-022_frame_045064.jpg,E:\正式实验\sub-022_\nir\sub-022_nir.avi
subject_sub-022_frame_048217,sub-022,batch1,2,48217,1786868874607,images/batch1/subject_sub-022_frame_048217.jpg,E:\正式实验\sub-022_\nir\sub-022_nir.avi
subject_sub-022_frame_056549,sub-022,batch1,3,56549,1786869152333,images/batch1/subject_sub-022_frame_056549.jpg,E:\正式实验\sub-022_\nir\sub-022_nir.avi
subject_sub-022_frame_059675,sub-022,batch1,3,59675,1786869256544,images/batch1/subject_sub-022_frame_059675.jpg,E:\正式实验\sub-022_\nir\sub-022_nir.avi
subject_sub-022_frame_062802,sub-022,batch1,3,62802,1786869360792,images/batch1/subject_sub-022_frame_062802.jpg,E:\正式实验\sub-022_\nir\sub-022_nir.avi
subject_sub-022_frame_065928,sub-022,batch1,3,65928,1786869464971,images/batch1/subject_sub-022_frame_065928.jpg,E:\正式实验\sub-022_\nir\sub-022_nir.avi
subject_sub-022_frame_069054,sub-022,batch1,3,69054,1786869569180,images/batch1/subject_sub-022_frame_069054.jpg,E:\正式实验\sub-022_\nir\sub-022_nir.avi
subject_sub-023_frame_016442,sub-023,batch1,1,16442,1786869065636,images/batch1/subject_sub-023_frame_016442.jpg,E:\正式实验\sub-023_\nir\sub-023_nir.avi
subject_sub-023_frame_019787,sub-023,batch1,1,19787,1786869177143,images/batch1/subject_sub-023_frame_019787.jpg,E:\正式实验\sub-023_\nir\sub-023_nir.avi
subject_sub-023_frame_023133,sub-023,batch1,1,23133,1786869288659,images/batch1/subject_sub-023_frame_023133.jpg,E:\正式实验\sub-023_\nir\sub-023_nir.avi
subject_sub-023_frame_026478,sub-023,batch1,1,26478,1786869400163,images/batch1/subject_sub-023_frame_026478.jpg,E:\正式实验\sub-023_\nir\sub-023_nir.avi
subject_sub-023_frame_029824,sub-023,batch1,1,29824,1786869511682,images/batch1/subject_sub-023_frame_029824.jpg,E:\正式实验\sub-023_\nir\sub-023_nir.avi
subject_sub-023_frame_040818,sub-023,batch1,2,40818,1786869878179,images/batch1/subject_sub-023_frame_040818.jpg,E:\正式实验\sub-023_\nir\sub-023_nir.avi
subject_sub-023_frame_044053,sub-023,batch1,2,44053,1786869986016,images/batch1/subject_sub-023_frame_044053.jpg,E:\正式实验\sub-023_\nir\sub-023_nir.avi
subject_sub-023_frame_047288,sub-023,batch1,2,47288,1786870093841,images/batch1/subject_sub-023_frame_047288.jpg,E:\正式实验\sub-023_\nir\sub-023_nir.avi
subject_sub-023_frame_050523,sub-023,batch1,2,50523,1786870201664,images/batch1/subject_sub-023_frame_050523.jpg,E:\正式实验\sub-023_\nir\sub-023_nir.avi
subject_sub-023_frame_053757,sub-023,batch1,2,53757,1786870309488,images/batch1/subject_sub-023_frame_053757.jpg,E:\正式实验\sub-023_\nir\sub-023_nir.avi
subject_sub-023_frame_061812,sub-023,batch1,3,61812,1786870577951,images/batch1/subject_sub-023_frame_061812.jpg,E:\正式实验\sub-023_\nir\sub-023_nir.avi
subject_sub-023_frame_064971,sub-023,batch1,3,64971,1786870683264,images/batch1/subject_sub-023_frame_064971.jpg,E:\正式实验\sub-023_\nir\sub-023_nir.avi
subject_sub-023_frame_068129,sub-023,batch1,3,68129,1786870788542,images/batch1/subject_sub-023_frame_068129.jpg,E:\正式实验\sub-023_\nir\sub-023_nir.avi
subject_sub-023_frame_071288,sub-023,batch1,3,71288,1786870893852,images/batch1/subject_sub-023_frame_071288.jpg,E:\正式实验\sub-023_\nir\sub-023_nir.avi
subject_sub-023_frame_074448,sub-023,batch1,3,74448,1786870999166,images/batch1/subject_sub-023_frame_074448.jpg,E:\正式实验\sub-023_\nir\sub-023_nir.avi
subject_sub-024_frame_010251,sub-024,batch1,1,10251,1786868514919,images/batch1/subject_sub-024_frame_010251.jpg,E:\正式实验\sub-024_\nir\sub-024_nir.avi
subject_sub-024_frame_013343,sub-024,batch1,1,13343,1786868617998,images/batch1/subject_sub-024_frame_013343.jpg,E:\正式实验\sub-024_\nir\sub-024_nir.avi
subject_sub-024_frame_016435,sub-024,batch1,1,16435,1786868721051,images/batch1/subject_sub-024_frame_016435.jpg,E:\正式实验\sub-024_\nir\sub-024_nir.avi
subject_sub-024_frame_019527,sub-024,batch1,1,19527,1786868824122,images/batch1/subject_sub-024_frame_019527.jpg,E:\正式实验\sub-024_\nir\sub-024_nir.avi
subject_sub-024_frame_022620,sub-024,batch1,1,22620,1786868927216,images/batch1/subject_sub-024_frame_022620.jpg,E:\正式实验\sub-024_\nir\sub-024_nir.avi
subject_sub-024_frame_030347,sub-024,batch1,2,30347,1786869184795,images/batch1/subject_sub-024_frame_030347.jpg,E:\正式实验\sub-024_\nir\sub-024_nir.avi
subject_sub-024_frame_033435,sub-024,batch1,2,33435,1786869287720,images/batch1/subject_sub-024_frame_033435.jpg,E:\正式实验\sub-024_\nir\sub-024_nir.avi
subject_sub-024_frame_036524,sub-024,batch1,2,36524,1786869390697,images/batch1/subject_sub-024_frame_036524.jpg,E:\正式实验\sub-024_\nir\sub-024_nir.avi
subject_sub-024_frame_039612,sub-024,batch1,2,39612,1786869493626,images/batch1/subject_sub-024_frame_039612.jpg,E:\正式实验\sub-024_\nir\sub-024_nir.avi
subject_sub-024_frame_042701,sub-024,batch1,2,42701,1786869596586,images/batch1/subject_sub-024_frame_042701.jpg,E:\正式实验\sub-024_\nir\sub-024_nir.avi
subject_sub-024_frame_050369,sub-024,batch1,3,50369,1786869852183,images/batch1/subject_sub-024_frame_050369.jpg,E:\正式实验\sub-024_\nir\sub-024_nir.avi
subject_sub-024_frame_053419,sub-024,batch1,3,53419,1786869953848,images/batch1/subject_sub-024_frame_053419.jpg,E:\正式实验\sub-024_\nir\sub-024_nir.avi
subject_sub-024_frame_056465,sub-024,batch1,3,56465,1786870055497,images/batch1/subject_sub-024_frame_056465.jpg,E:\正式实验\sub-024_\nir\sub-024_nir.avi
subject_sub-024_frame_059516,sub-024,batch1,3,59516,1786870157189,images/batch1/subject_sub-024_frame_059516.jpg,E:\正式实验\sub-024_\nir\sub-024_nir.avi
subject_sub-024_frame_062566,sub-024,batch1,3,62566,1786870258852,images/batch1/subject_sub-024_frame_062566.jpg,E:\正式实验\sub-024_\nir\sub-024_nir.avi
subject_sub-025_frame_014635,sub-025,batch1,1,14635,1786879507256,images/batch1/subject_sub-025_frame_014635.jpg,E:\正式实验\sub-025_\nir\sub-025_nir.avi
subject_sub-025_frame_017923,sub-025,batch1,1,17923,1786879616850,images/batch1/subject_sub-025_frame_017923.jpg,E:\正式实验\sub-025_\nir\sub-025_nir.avi
subject_sub-025_frame_021211,sub-025,batch1,1,21211,1786879726457,images/batch1/subject_sub-025_frame_021211.jpg,E:\正式实验\sub-025_\nir\sub-025_nir.avi
subject_sub-025_frame_024499,sub-025,batch1,1,24499,1786879836075,images/batch1/subject_sub-025_frame_024499.jpg,E:\正式实验\sub-025_\nir\sub-025_nir.avi
subject_sub-025_frame_027787,sub-025,batch1,1,27787,1786879945677,images/batch1/subject_sub-025_frame_027787.jpg,E:\正式实验\sub-025_\nir\sub-025_nir.avi
subject_sub-025_frame_036476,sub-025,batch1,2,36476,1786880235282,images/batch1/subject_sub-025_frame_036476.jpg,E:\正式实验\sub-025_\nir\sub-025_nir.avi
subject_sub-025_frame_039766,sub-025,batch1,2,39766,1786880344958,images/batch1/subject_sub-025_frame_039766.jpg,E:\正式实验\sub-025_\nir\sub-025_nir.avi
subject_sub-025_frame_043055,sub-025,batch1,2,43055,1786880454588,images/batch1/subject_sub-025_frame_043055.jpg,E:\正式实验\sub-025_\nir\sub-025_nir.avi
subject_sub-025_frame_046345,sub-025,batch1,2,46345,1786880564248,images/batch1/subject_sub-025_frame_046345.jpg,E:\正式实验\sub-025_\nir\sub-025_nir.avi
subject_sub-025_frame_049634,sub-025,batch1,2,49634,1786880673889,images/batch1/subject_sub-025_frame_049634.jpg,E:\正式实验\sub-025_\nir\sub-025_nir.avi
subject_sub-025_frame_059201,sub-025,batch1,3,59201,1786880992780,images/batch1/subject_sub-025_frame_059201.jpg,E:\正式实验\sub-025_\nir\sub-025_nir.avi
subject_sub-025_frame_062548,sub-025,batch1,3,62548,1786881104638,images/batch1/subject_sub-025_frame_062548.jpg,E:\正式实验\sub-025_\nir\sub-025_nir.avi
subject_sub-025_frame_065903,sub-025,batch1,3,65903,1786881216497,images/batch1/subject_sub-025_frame_065903.jpg,E:\正式实验\sub-025_\nir\sub-025_nir.avi
subject_sub-025_frame_069256,sub-025,batch1,3,69256,1786881328339,images/batch1/subject_sub-025_frame_069256.jpg,E:\正式实验\sub-025_\nir\sub-025_nir.avi
subject_sub-025_frame_072612,sub-025,batch1,3,72612,1786881440222,images/batch1/subject_sub-025_frame_072612.jpg,E:\正式实验\sub-025_\nir\sub-025_nir.avi
subject_sub-026_frame_016223,sub-026,batch1,1,16223,1786884062977,images/batch1/subject_sub-026_frame_016223.jpg,E:\正式实验\sub-026_\nir\sub-026_nir.avi
subject_sub-026_frame_019410,sub-026,batch1,1,19410,1786884169198,images/batch1/subject_sub-026_frame_019410.jpg,E:\正式实验\sub-026_\nir\sub-026_nir.avi
subject_sub-026_frame_022597,sub-026,batch1,1,22597,1786884275452,images/batch1/subject_sub-026_frame_022597.jpg,E:\正式实验\sub-026_\nir\sub-026_nir.avi
subject_sub-026_frame_025783,sub-026,batch1,1,25783,1786884381664,images/batch1/subject_sub-026_frame_025783.jpg,E:\正式实验\sub-026_\nir\sub-026_nir.avi
subject_sub-026_frame_028971,sub-026,batch1,1,28971,1786884487904,images/batch1/subject_sub-026_frame_028971.jpg,E:\正式实验\sub-026_\nir\sub-026_nir.avi
subject_sub-026_frame_037001,sub-026,batch1,2,37001,1786884755619,images/batch1/subject_sub-026_frame_037001.jpg,E:\正式实验\sub-026_\nir\sub-026_nir.avi
subject_sub-026_frame_040158,sub-026,batch1,2,40158,1786884860827,images/batch1/subject_sub-026_frame_040158.jpg,E:\正式实验\sub-026_\nir\sub-026_nir.avi
subject_sub-026_frame_043313,sub-026,batch1,2,43313,1786884966000,images/batch1/subject_sub-026_frame_043313.jpg,E:\正式实验\sub-026_\nir\sub-026_nir.avi
subject_sub-026_frame_046469,sub-026,batch1,2,46469,1786885071202,images/batch1/subject_sub-026_frame_046469.jpg,E:\正式实验\sub-026_\nir\sub-026_nir.avi
subject_sub-026_frame_049625,sub-026,batch1,2,49625,1786885176380,images/batch1/subject_sub-026_frame_049625.jpg,E:\正式实验\sub-026_\nir\sub-026_nir.avi
subject_sub-026_frame_057657,sub-026,batch1,3,57657,1786885444122,images/batch1/subject_sub-026_frame_057657.jpg,E:\正式实验\sub-026_\nir\sub-026_nir.avi
subject_sub-026_frame_060761,sub-026,batch1,3,60761,1786885547581,images/batch1/subject_sub-026_frame_060761.jpg,E:\正式实验\sub-026_\nir\sub-026_nir.avi
subject_sub-026_frame_063864,sub-026,batch1,3,63864,1786885651020,images/batch1/subject_sub-026_frame_063864.jpg,E:\正式实验\sub-026_\nir\sub-026_nir.avi
subject_sub-026_frame_066968,sub-026,batch1,3,66968,1786885754479,images/batch1/subject_sub-026_frame_066968.jpg,E:\正式实验\sub-026_\nir\sub-026_nir.avi
subject_sub-026_frame_070071,sub-026,batch1,3,70071,1786885857918,images/batch1/subject_sub-026_frame_070071.jpg,E:\正式实验\sub-026_\nir\sub-026_nir.avi
subject_sub-027_frame_014490,sub-027,batch1,1,14490,1786878896143,images/batch1/subject_sub-027_frame_014490.jpg,E:\正式实验\sub-027_\nir\sub-027_nir.avi
subject_sub-027_frame_017672,sub-027,batch1,1,17672,1786879002225,images/batch1/subject_sub-027_frame_017672.jpg,E:\正式实验\sub-027_\nir\sub-027_nir.avi
subject_sub-027_frame_020855,sub-027,batch1,1,20855,1786879108333,images/batch1/subject_sub-027_frame_020855.jpg,E:\正式实验\sub-027_\nir\sub-027_nir.avi
subject_sub-027_frame_024038,sub-027,batch1,1,24038,1786879214413,images/batch1/subject_sub-027_frame_024038.jpg,E:\正式实验\sub-027_\nir\sub-027_nir.avi
subject_sub-027_frame_027220,sub-027,batch1,1,27220,1786879320495,images/batch1/subject_sub-027_frame_027220.jpg,E:\正式实验\sub-027_\nir\sub-027_nir.avi
subject_sub-027_frame_036813,sub-027,batch1,2,36813,1786879640257,images/batch1/subject_sub-027_frame_036813.jpg,E:\正式实验\sub-027_\nir\sub-027_nir.avi
subject_sub-027_frame_040025,sub-027,batch1,2,40025,1786879747343,images/batch1/subject_sub-027_frame_040025.jpg,E:\正式实验\sub-027_\nir\sub-027_nir.avi
subject_sub-027_frame_043238,sub-027,batch1,2,43238,1786879854429,images/batch1/subject_sub-027_frame_043238.jpg,E:\正式实验\sub-027_\nir\sub-027_nir.avi
subject_sub-027_frame_046450,sub-027,batch1,2,46450,1786879961519,images/batch1/subject_sub-027_frame_046450.jpg,E:\正式实验\sub-027_\nir\sub-027_nir.avi
subject_sub-027_frame_049663,sub-027,batch1,2,49663,1786880068601,images/batch1/subject_sub-027_frame_049663.jpg,E:\正式实验\sub-027_\nir\sub-027_nir.avi
subject_sub-027_frame_059056,sub-027,batch1,3,59056,1786880381702,images/batch1/subject_sub-027_frame_059056.jpg,E:\正式实验\sub-027_\nir\sub-027_nir.avi
subject_sub-027_frame_063343,sub-027,batch1,3,63343,1786880524604,images/batch1/subject_sub-027_frame_063343.jpg,E:\正式实验\sub-027_\nir\sub-027_nir.avi
subject_sub-027_frame_067629,sub-027,batch1,3,67629,1786880667468,images/batch1/subject_sub-027_frame_067629.jpg,E:\正式实验\sub-027_\nir\sub-027_nir.avi
subject_sub-027_frame_071913,sub-027,batch1,3,71913,1786880810367,images/batch1/subject_sub-027_frame_071913.jpg,E:\正式实验\sub-027_\nir\sub-027_nir.avi
subject_sub-027_frame_076196,sub-027,batch1,3,76196,1786880953235,images/batch1/subject_sub-027_frame_076196.jpg,E:\正式实验\sub-027_\nir\sub-027_nir.avi
subject_sub-028_frame_015129,sub-028,batch1,1,15129,1786883977967,images/batch1/subject_sub-028_frame_015129.jpg,E:\正式实验\sub-028_\nir\sub-028_nir.avi
subject_sub-028_frame_018423,sub-028,batch1,1,18423,1786884087769,images/batch1/subject_sub-028_frame_018423.jpg,E:\正式实验\sub-028_\nir\sub-028_nir.avi
subject_sub-028_frame_021717,sub-028,batch1,1,21717,1786884197568,images/batch1/subject_sub-028_frame_021717.jpg,E:\正式实验\sub-028_\nir\sub-028_nir.avi
subject_sub-028_frame_025011,sub-028,batch1,1,25011,1786884307373,images/batch1/subject_sub-028_frame_025011.jpg,E:\正式实验\sub-028_\nir\sub-028_nir.avi
subject_sub-028_frame_028305,sub-028,batch1,1,28305,1786884417177,images/batch1/subject_sub-028_frame_028305.jpg,E:\正式实验\sub-028_\nir\sub-028_nir.avi
subject_sub-028_frame_037203,sub-028,batch1,2,37203,1786884713875,images/batch1/subject_sub-028_frame_037203.jpg,E:\正式实验\sub-028_\nir\sub-028_nir.avi
subject_sub-028_frame_040384,sub-028,batch1,2,40384,1786884819905,images/batch1/subject_sub-028_frame_040384.jpg,E:\正式实验\sub-028_\nir\sub-028_nir.avi
subject_sub-028_frame_043567,sub-028,batch1,2,43567,1786884925987,images/batch1/subject_sub-028_frame_043567.jpg,E:\正式实验\sub-028_\nir\sub-028_nir.avi
subject_sub-028_frame_046748,sub-028,batch1,2,46748,1786885032032,images/batch1/subject_sub-028_frame_046748.jpg,E:\正式实验\sub-028_\nir\sub-028_nir.avi
subject_sub-028_frame_049931,sub-028,batch1,2,49931,1786885138117,images/batch1/subject_sub-028_frame_049931.jpg,E:\正式实验\sub-028_\nir\sub-028_nir.avi
subject_sub-028_frame_058932,sub-028,batch1,3,58932,1786885438163,images/batch1/subject_sub-028_frame_058932.jpg,E:\正式实验\sub-028_\nir\sub-028_nir.avi
subject_sub-028_frame_062043,sub-028,batch1,3,62043,1786885541861,images/batch1/subject_sub-028_frame_062043.jpg,E:\正式实验\sub-028_\nir\sub-028_nir.avi
subject_sub-028_frame_065153,sub-028,batch1,3,65153,1786885645530,images/batch1/subject_sub-028_frame_065153.jpg,E:\正式实验\sub-028_\nir\sub-028_nir.avi
subject_sub-028_frame_068263,sub-028,batch1,3,68263,1786885749206,images/batch1/subject_sub-028_frame_068263.jpg,E:\正式实验\sub-028_\nir\sub-028_nir.avi
subject_sub-028_frame_071374,sub-028,batch1,3,71374,1786885852901,images/batch1/subject_sub-028_frame_071374.jpg,E:\正式实验\sub-028_\nir\sub-028_nir.avi
subject_sub-029_frame_012082,sub-029,batch1,1,12082,1786879861581,images/batch1/subject_sub-029_frame_012082.jpg,E:\正式实验\sub-029_\nir\sub-029_nir.avi
subject_sub-029_frame_015314,sub-029,batch1,1,15314,1786879969311,images/batch1/subject_sub-029_frame_015314.jpg,E:\正式实验\sub-029_\nir\sub-029_nir.avi
subject_sub-029_frame_018547,sub-029,batch1,1,18547,1786880077054,images/batch1/subject_sub-029_frame_018547.jpg,E:\正式实验\sub-029_\nir\sub-029_nir.avi
subject_sub-029_frame_021778,sub-029,batch1,1,21778,1786880184780,images/batch1/subject_sub-029_frame_021778.jpg,E:\正式实验\sub-029_\nir\sub-029_nir.avi
subject_sub-029_frame_025010,sub-029,batch1,1,25010,1786880292508,images/batch1/subject_sub-029_frame_025010.jpg,E:\正式实验\sub-029_\nir\sub-029_nir.avi
subject_sub-029_frame_034784,sub-029,batch1,2,34784,1786880618333,images/batch1/subject_sub-029_frame_034784.jpg,E:\正式实验\sub-029_\nir\sub-029_nir.avi
subject_sub-029_frame_038960,sub-029,batch1,2,38960,1786880757515,images/batch1/subject_sub-029_frame_038960.jpg,E:\正式实验\sub-029_\nir\sub-029_nir.avi
subject_sub-029_frame_043136,sub-029,batch1,2,43136,1786880896716,images/batch1/subject_sub-029_frame_043136.jpg,E:\正式实验\sub-029_\nir\sub-029_nir.avi
subject_sub-029_frame_047311,sub-029,batch1,2,47311,1786881035883,images/batch1/subject_sub-029_frame_047311.jpg,E:\正式实验\sub-029_\nir\sub-029_nir.avi
subject_sub-029_frame_051487,sub-029,batch1,2,51487,1786881175084,images/batch1/subject_sub-029_frame_051487.jpg,E:\正式实验\sub-029_\nir\sub-029_nir.avi
subject_sub-029_frame_060993,sub-029,batch1,3,60993,1786881491944,images/batch1/subject_sub-029_frame_060993.jpg,E:\正式实验\sub-029_\nir\sub-029_nir.avi
subject_sub-029_frame_064257,sub-029,batch1,3,64257,1786881600743,images/batch1/subject_sub-029_frame_064257.jpg,E:\正式实验\sub-029_\nir\sub-029_nir.avi
subject_sub-029_frame_067522,sub-029,batch1,3,67522,1786881709574,images/batch1/subject_sub-029_frame_067522.jpg,E:\正式实验\sub-029_\nir\sub-029_nir.avi
subject_sub-029_frame_070786,sub-029,batch1,3,70786,1786881818359,images/batch1/subject_sub-029_frame_070786.jpg,E:\正式实验\sub-029_\nir\sub-029_nir.avi
subject_sub-029_frame_074051,sub-029,batch1,3,74051,1786881927194,images/batch1/subject_sub-029_frame_074051.jpg,E:\正式实验\sub-029_\nir\sub-029_nir.avi
subject_sub-030_frame_012844,sub-030,batch1,1,12844,1786865252860,images/batch1/subject_sub-030_frame_012844.jpg,E:\正式实验\sub-030_\nir\sub-030_nir.avi
subject_sub-030_frame_016074,sub-030,batch1,1,16074,1786865360512,images/batch1/subject_sub-030_frame_016074.jpg,E:\正式实验\sub-030_\nir\sub-030_nir.avi
subject_sub-030_frame_019304,sub-030,batch1,1,19304,1786865468176,images/batch1/subject_sub-030_frame_019304.jpg,E:\正式实验\sub-030_\nir\sub-030_nir.avi
subject_sub-030_frame_022533,sub-030,batch1,1,22533,1786865575824,images/batch1/subject_sub-030_frame_022533.jpg,E:\正式实验\sub-030_\nir\sub-030_nir.avi
subject_sub-030_frame_025763,sub-030,batch1,1,25763,1786865683490,images/batch1/subject_sub-030_frame_025763.jpg,E:\正式实验\sub-030_\nir\sub-030_nir.avi
subject_sub-030_frame_034905,sub-030,batch1,2,34905,1786865988220,images/batch1/subject_sub-030_frame_034905.jpg,E:\正式实验\sub-030_\nir\sub-030_nir.avi
subject_sub-030_frame_038103,sub-030,batch1,2,38103,1786866094794,images/batch1/subject_sub-030_frame_038103.jpg,E:\正式实验\sub-030_\nir\sub-030_nir.avi
subject_sub-030_frame_041299,sub-030,batch1,2,41299,1786866201356,images/batch1/subject_sub-030_frame_041299.jpg,E:\正式实验\sub-030_\nir\sub-030_nir.avi
subject_sub-030_frame_044497,sub-030,batch1,2,44497,1786866307935,images/batch1/subject_sub-030_frame_044497.jpg,E:\正式实验\sub-030_\nir\sub-030_nir.avi
subject_sub-030_frame_047693,sub-030,batch1,2,47693,1786866414490,images/batch1/subject_sub-030_frame_047693.jpg,E:\正式实验\sub-030_\nir\sub-030_nir.avi
subject_sub-030_frame_056500,sub-030,batch1,3,56500,1786866708058,images/batch1/subject_sub-030_frame_056500.jpg,E:\正式实验\sub-030_\nir\sub-030_nir.avi
subject_sub-030_frame_059721,sub-030,batch1,3,59721,1786866815421,images/batch1/subject_sub-030_frame_059721.jpg,E:\正式实验\sub-030_\nir\sub-030_nir.avi
subject_sub-030_frame_062942,sub-030,batch1,3,62942,1786866922777,images/batch1/subject_sub-030_frame_062942.jpg,E:\正式实验\sub-030_\nir\sub-030_nir.avi
subject_sub-030_frame_066163,sub-030,batch1,3,66163,1786867030153,images/batch1/subject_sub-030_frame_066163.jpg,E:\正式实验\sub-030_\nir\sub-030_nir.avi
subject_sub-030_frame_069384,sub-030,batch1,3,69384,1786867137511,images/batch1/subject_sub-030_frame_069384.jpg,E:\正式实验\sub-030_\nir\sub-030_nir.avi
subject_sub-9504_frame_015079,sub-9504,batch1,1,15079,1786766196406,images/batch1/subject_sub-9504_frame_015079.jpg,E:\正式实验\sub-9504_\nir\sub-9504_nir.avi
subject_sub-9504_frame_018588,sub-9504,batch1,1,18588,1786766313385,images/batch1/subject_sub-9504_frame_018588.jpg,E:\正式实验\sub-9504_\nir\sub-9504_nir.avi
subject_sub-9504_frame_022096,sub-9504,batch1,1,22096,1786766430328,images/batch1/subject_sub-9504_frame_022096.jpg,E:\正式实验\sub-9504_\nir\sub-9504_nir.avi
subject_sub-9504_frame_025569,sub-9504,batch1,1,25569,1786766547298,images/batch1/subject_sub-9504_frame_025569.jpg,E:\正式实验\sub-9504_\nir\sub-9504_nir.avi
subject_sub-9504_frame_029079,sub-9504,batch1,1,29079,1786766664272,images/batch1/subject_sub-9504_frame_029079.jpg,E:\正式实验\sub-9504_\nir\sub-9504_nir.avi
subject_sub-9504_frame_037441,sub-9504,batch1,2,37441,1786766943137,images/batch1/subject_sub-9504_frame_037441.jpg,E:\正式实验\sub-9504_\nir\sub-9504_nir.avi
subject_sub-9504_frame_040809,sub-9504,batch1,2,40809,1786767055382,images/batch1/subject_sub-9504_frame_040809.jpg,E:\正式实验\sub-9504_\nir\sub-9504_nir.avi
subject_sub-9504_frame_044174,sub-9504,batch1,2,44174,1786767167576,images/batch1/subject_sub-9504_frame_044174.jpg,E:\正式实验\sub-9504_\nir\sub-9504_nir.avi
subject_sub-9504_frame_047542,sub-9504,batch1,2,47542,1786767279809,images/batch1/subject_sub-9504_frame_047542.jpg,E:\正式实验\sub-9504_\nir\sub-9504_nir.avi
subject_sub-9504_frame_050908,sub-9504,batch1,2,50908,1786767392032,images/batch1/subject_sub-9504_frame_050908.jpg,E:\正式实验\sub-9504_\nir\sub-9504_nir.avi
subject_sub-9504_frame_059288,sub-9504,batch1,3,59288,1786767671552,images/batch1/subject_sub-9504_frame_059288.jpg,E:\正式实验\sub-9504_\nir\sub-9504_nir.avi
subject_sub-9504_frame_062593,sub-9504,batch1,3,62593,1786767781719,images/batch1/subject_sub-9504_frame_062593.jpg,E:\正式实验\sub-9504_\nir\sub-9504_nir.avi
subject_sub-9504_frame_065897,sub-9504,batch1,3,65897,1786767891868,images/batch1/subject_sub-9504_frame_065897.jpg,E:\正式实验\sub-9504_\nir\sub-9504_nir.avi
subject_sub-9504_frame_069202,sub-9504,batch1,3,69202,1786768002034,images/batch1/subject_sub-9504_frame_069202.jpg,E:\正式实验\sub-9504_\nir\sub-9504_nir.avi
subject_sub-9504_frame_072504,sub-9504,batch1,3,72504,1786768112202,images/batch1/subject_sub-9504_frame_072504.jpg,E:\正式实验\sub-9504_\nir\sub-9504_nir.avi
subject_sub-031_frame_012173,sub-031,batch2,1,12173,1787037923078,images/batch2/subject_sub-031_frame_012173.jpg,E:\正式实验\sub-031_\nir\sub-031_nir.avi
subject_sub-031_frame_015547,sub-031,batch2,1,15547,1787038035570,images/batch2/subject_sub-031_frame_015547.jpg,E:\正式实验\sub-031_\nir\sub-031_nir.avi
subject_sub-031_frame_018921,sub-031,batch2,1,18921,1787038148026,images/batch2/subject_sub-031_frame_018921.jpg,E:\正式实验\sub-031_\nir\sub-031_nir.avi
subject_sub-031_frame_022295,sub-031,batch2,1,22295,1787038260495,images/batch2/subject_sub-031_frame_022295.jpg,E:\正式实验\sub-031_\nir\sub-031_nir.avi
subject_sub-031_frame_025670,sub-031,batch2,1,25670,1787038372978,images/batch2/subject_sub-031_frame_025670.jpg,E:\正式实验\sub-031_\nir\sub-031_nir.avi
subject_sub-031_frame_033934,sub-031,batch2,2,33934,1787038648466,images/batch2/subject_sub-031_frame_033934.jpg,E:\正式实验\sub-031_\nir\sub-031_nir.avi
subject_sub-031_frame_037227,sub-031,batch2,2,37227,1787038758255,images/batch2/subject_sub-031_frame_037227.jpg,E:\正式实验\sub-031_\nir\sub-031_nir.avi
subject_sub-031_frame_040522,sub-031,batch2,2,40522,1787038868065,images/batch2/subject_sub-031_frame_040522.jpg,E:\正式实验\sub-031_\nir\sub-031_nir.avi
subject_sub-031_frame_043816,sub-031,batch2,2,43816,1787038977852,images/batch2/subject_sub-031_frame_043816.jpg,E:\正式实验\sub-031_\nir\sub-031_nir.avi
subject_sub-031_frame_046671,sub-031,batch2,2,46671,1787039087626,images/batch2/subject_sub-031_frame_046671.jpg,E:\正式实验\sub-031_\nir\sub-031_nir.avi
subject_sub-032_frame_012512,sub-032,batch2,1,12512,1787036961035,images/batch2/subject_sub-032_frame_012512.jpg,E:\正式实验\sub-032_\nir\sub-032_nir.avi
subject_sub-032_frame_015752,sub-032,batch2,1,15752,1787037069031,images/batch2/subject_sub-032_frame_015752.jpg,E:\正式实验\sub-032_\nir\sub-032_nir.avi
subject_sub-032_frame_018991,sub-032,batch2,1,18991,1787037176984,images/batch2/subject_sub-032_frame_018991.jpg,E:\正式实验\sub-032_\nir\sub-032_nir.avi
subject_sub-032_frame_022231,sub-032,batch2,1,22231,1787037284987,images/batch2/subject_sub-032_frame_022231.jpg,E:\正式实验\sub-032_\nir\sub-032_nir.avi
subject_sub-032_frame_025471,sub-032,batch2,1,25471,1787037392999,images/batch2/subject_sub-032_frame_025471.jpg,E:\正式实验\sub-032_\nir\sub-032_nir.avi
subject_sub-032_frame_037297,sub-032,batch2,2,37297,1787037787203,images/batch2/subject_sub-032_frame_037297.jpg,E:\正式实验\sub-032_\nir\sub-032_nir.avi
subject_sub-032_frame_040469,sub-032,batch2,2,40469,1787037892953,images/batch2/subject_sub-032_frame_040469.jpg,E:\正式实验\sub-032_\nir\sub-032_nir.avi
subject_sub-032_frame_043643,sub-032,batch2,2,43643,1787037998726,images/batch2/subject_sub-032_frame_043643.jpg,E:\正式实验\sub-032_\nir\sub-032_nir.avi
subject_sub-032_frame_046816,sub-032,batch2,2,46816,1787038104466,images/batch2/subject_sub-032_frame_046816.jpg,E:\正式实验\sub-032_\nir\sub-032_nir.avi
subject_sub-032_frame_049989,sub-032,batch2,2,49989,1787038210245,images/batch2/subject_sub-032_frame_049989.jpg,E:\正式实验\sub-032_\nir\sub-032_nir.avi
subject_sub-033_frame_013868,sub-033,batch2,1,13868,1787038564945,images/batch2/subject_sub-033_frame_013868.jpg,E:\正式实验\sub-033_\nir\sub-033_nir.avi
subject_sub-033_frame_017375,sub-033,batch2,1,17375,1787038681832,images/batch2/subject_sub-033_frame_017375.jpg,E:\正式实验\sub-033_\nir\sub-033_nir.avi
subject_sub-033_frame_020883,sub-033,batch2,1,20883,1787038798776,images/batch2/subject_sub-033_frame_020883.jpg,E:\正式实验\sub-033_\nir\sub-033_nir.avi
subject_sub-033_frame_024390,sub-033,batch2,1,24390,1787038915650,images/batch2/subject_sub-033_frame_024390.jpg,E:\正式实验\sub-033_\nir\sub-033_nir.avi
subject_sub-033_frame_027897,sub-033,batch2,1,27897,1787039032563,images/batch2/subject_sub-033_frame_027897.jpg,E:\正式实验\sub-033_\nir\sub-033_nir.avi
subject_sub-033_frame_036945,sub-033,batch2,2,36945,1787039334157,images/batch2/subject_sub-033_frame_036945.jpg,E:\正式实验\sub-033_\nir\sub-033_nir.avi
subject_sub-033_frame_040334,sub-033,batch2,2,40334,1787039447131,images/batch2/subject_sub-033_frame_040334.jpg,E:\正式实验\sub-033_\nir\sub-033_nir.avi
subject_sub-033_frame_043724,sub-033,batch2,2,43724,1787039560121,images/batch2/subject_sub-033_frame_043724.jpg,E:\正式实验\sub-033_\nir\sub-033_nir.avi
subject_sub-033_frame_047113,sub-033,batch2,2,47113,1787039673113,images/batch2/subject_sub-033_frame_047113.jpg,E:\正式实验\sub-033_\nir\sub-033_nir.avi
subject_sub-033_frame_050503,sub-033,batch2,2,50503,1787039786084,images/batch2/subject_sub-033_frame_050503.jpg,E:\正式实验\sub-033_\nir\sub-033_nir.avi
subject_sub-034_frame_011581,sub-034,batch2,1,11581,1787040875460,images/batch2/subject_sub-034_frame_011581.jpg,E:\正式实验\sub-034_\nir\sub-034_nir.avi
subject_sub-034_frame_014889,sub-034,batch2,1,14889,1787040985733,images/batch2/subject_sub-034_frame_014889.jpg,E:\正式实验\sub-034_\nir\sub-034_nir.avi
subject_sub-034_frame_018196,sub-034,batch2,1,18196,1787041095924,images/batch2/subject_sub-034_frame_018196.jpg,E:\正式实验\sub-034_\nir\sub-034_nir.avi
subject_sub-034_frame_021502,sub-034,batch2,1,21502,1787041206132,images/batch2/subject_sub-034_frame_021502.jpg,E:\正式实验\sub-034_\nir\sub-034_nir.avi
subject_sub-034_frame_024809,sub-034,batch2,1,24809,1787041316370,images/batch2/subject_sub-034_frame_024809.jpg,E:\正式实验\sub-034_\nir\sub-034_nir.avi
subject_sub-034_frame_033765,sub-034,batch2,2,33765,1787041614903,images/batch2/subject_sub-034_frame_033765.jpg,E:\正式实验\sub-034_\nir\sub-034_nir.avi
subject_sub-034_frame_037006,sub-034,batch2,2,37006,1787041722937,images/batch2/subject_sub-034_frame_037006.jpg,E:\正式实验\sub-034_\nir\sub-034_nir.avi
subject_sub-034_frame_040245,sub-034,batch2,2,40245,1787041830932,images/batch2/subject_sub-034_frame_040245.jpg,E:\正式实验\sub-034_\nir\sub-034_nir.avi
subject_sub-034_frame_043486,sub-034,batch2,2,43486,1787041938944,images/batch2/subject_sub-034_frame_043486.jpg,E:\正式实验\sub-034_\nir\sub-034_nir.avi
subject_sub-034_frame_046726,sub-034,batch2,2,46726,1787042046946,images/batch2/subject_sub-034_frame_046726.jpg,E:\正式实验\sub-034_\nir\sub-034_nir.avi
subject_sub-035_frame_012922,sub-035,batch2,1,12922,1787041115037,images/batch2/subject_sub-035_frame_012922.jpg,E:\正式实验\sub-035_\nir\sub-035_nir.avi
subject_sub-035_frame_016246,sub-035,batch2,1,16246,1787041225833,images/batch2/subject_sub-035_frame_016246.jpg,E:\正式实验\sub-035_\nir\sub-035_nir.avi
subject_sub-035_frame_019570,sub-035,batch2,1,19570,1787041336643,images/batch2/subject_sub-035_frame_019570.jpg,E:\正式实验\sub-035_\nir\sub-035_nir.avi
subject_sub-035_frame_022894,sub-035,batch2,1,22894,1787041447445,images/batch2/subject_sub-035_frame_022894.jpg,E:\正式实验\sub-035_\nir\sub-035_nir.avi
subject_sub-035_frame_026219,sub-035,batch2,1,26219,1787041558252,images/batch2/subject_sub-035_frame_026219.jpg,E:\正式实验\sub-035_\nir\sub-035_nir.avi
subject_sub-035_frame_034648,sub-035,batch2,2,34648,1787041839243,images/batch2/subject_sub-035_frame_034648.jpg,E:\正式实验\sub-035_\nir\sub-035_nir.avi
subject_sub-035_frame_037894,sub-035,batch2,2,37894,1787041947452,images/batch2/subject_sub-035_frame_037894.jpg,E:\正式实验\sub-035_\nir\sub-035_nir.avi
subject_sub-035_frame_041142,sub-035,batch2,2,41142,1787042055713,images/batch2/subject_sub-035_frame_041142.jpg,E:\正式实验\sub-035_\nir\sub-035_nir.avi
subject_sub-035_frame_044388,sub-035,batch2,2,44388,1787042163901,images/batch2/subject_sub-035_frame_044388.jpg,E:\正式实验\sub-035_\nir\sub-035_nir.avi
subject_sub-035_frame_047634,sub-035,batch2,2,47634,1787042272098,images/batch2/subject_sub-035_frame_047634.jpg,E:\正式实验\sub-035_\nir\sub-035_nir.avi
subject_sub-036_frame_014831,sub-036,batch2,1,14831,1787042333932,images/batch2/subject_sub-036_frame_014831.jpg,E:\正式实验\sub-036_\nir\sub-036_nir.avi
subject_sub-036_frame_018282,sub-036,batch2,1,18282,1787042448948,images/batch2/subject_sub-036_frame_018282.jpg,E:\正式实验\sub-036_\nir\sub-036_nir.avi
subject_sub-036_frame_021733,sub-036,batch2,1,21733,1787042563992,images/batch2/subject_sub-036_frame_021733.jpg,E:\正式实验\sub-036_\nir\sub-036_nir.avi
subject_sub-036_frame_025184,sub-036,batch2,1,25184,1787042679012,images/batch2/subject_sub-036_frame_025184.jpg,E:\正式实验\sub-036_\nir\sub-036_nir.avi
subject_sub-036_frame_028635,sub-036,batch2,1,28635,1787042794050,images/batch2/subject_sub-036_frame_028635.jpg,E:\正式实验\sub-036_\nir\sub-036_nir.avi
subject_sub-036_frame_037443,sub-036,batch2,2,37443,1787043087662,images/batch2/subject_sub-036_frame_037443.jpg,E:\正式实验\sub-036_\nir\sub-036_nir.avi
subject_sub-036_frame_040657,sub-036,batch2,2,40657,1787043194787,images/batch2/subject_sub-036_frame_040657.jpg,E:\正式实验\sub-036_\nir\sub-036_nir.avi
subject_sub-036_frame_043871,sub-036,batch2,2,43871,1787043301941,images/batch2/subject_sub-036_frame_043871.jpg,E:\正式实验\sub-036_\nir\sub-036_nir.avi
subject_sub-036_frame_047084,sub-036,batch2,2,47084,1787043409036,images/batch2/subject_sub-036_frame_047084.jpg,E:\正式实验\sub-036_\nir\sub-036_nir.avi
subject_sub-036_frame_050298,sub-036,batch2,2,50298,1787043516174,images/batch2/subject_sub-036_frame_050298.jpg,E:\正式实验\sub-036_\nir\sub-036_nir.avi
subject_sub-037_frame_016519,sub-037,batch2,1,16519,1787042421746,images/batch2/subject_sub-037_frame_016519.jpg,E:\正式实验\sub-037_\nir\sub-037_nir.avi
subject_sub-037_frame_020170,sub-037,batch2,1,20170,1787042543445,images/batch2/subject_sub-037_frame_020170.jpg,E:\正式实验\sub-037_\nir\sub-037_nir.avi
subject_sub-037_frame_023823,sub-037,batch2,1,23823,1787042665191,images/batch2/subject_sub-037_frame_023823.jpg,E:\正式实验\sub-037_\nir\sub-037_nir.avi
subject_sub-037_frame_027474,sub-037,batch2,1,27474,1787042786901,images/batch2/subject_sub-037_frame_027474.jpg,E:\正式实验\sub-037_\nir\sub-037_nir.avi
subject_sub-037_frame_031125,sub-037,batch2,1,31125,1787042908613,images/batch2/subject_sub-037_frame_031125.jpg,E:\正式实验\sub-037_\nir\sub-037_nir.avi
subject_sub-037_frame_040198,sub-037,batch2,2,40198,1787043211551,images/batch2/subject_sub-037_frame_040198.jpg,E:\正式实验\sub-037_\nir\sub-037_nir.avi
subject_sub-037_frame_043584,sub-037,batch2,2,43584,1787043324385,images/batch2/subject_sub-037_frame_043584.jpg,E:\正式实验\sub-037_\nir\sub-037_nir.avi
subject_sub-037_frame_046969,sub-037,batch2,2,46969,1787043437234,images/batch2/subject_sub-037_frame_046969.jpg,E:\正式实验\sub-037_\nir\sub-037_nir.avi
subject_sub-037_frame_050353,sub-037,batch2,2,50353,1787043550021,images/batch2/subject_sub-037_frame_050353.jpg,E:\正式实验\sub-037_\nir\sub-037_nir.avi
subject_sub-037_frame_053733,sub-037,batch2,2,53733,1787043662808,images/batch2/subject_sub-037_frame_053733.jpg,E:\正式实验\sub-037_\nir\sub-037_nir.avi
subject_sub-038_frame_017376,sub-038,batch2,1,17376,1787043608132,images/batch2/subject_sub-038_frame_017376.jpg,E:\正式实验\sub-038_\nir\sub-038_nir.avi
subject_sub-038_frame_020518,sub-038,batch2,1,20518,1787043712869,images/batch2/subject_sub-038_frame_020518.jpg,E:\正式实验\sub-038_\nir\sub-038_nir.avi
subject_sub-038_frame_023660,sub-038,batch2,1,23660,1787043817621,images/batch2/subject_sub-038_frame_023660.jpg,E:\正式实验\sub-038_\nir\sub-038_nir.avi
subject_sub-038_frame_026804,sub-038,batch2,1,26804,1787043922398,images/batch2/subject_sub-038_frame_026804.jpg,E:\正式实验\sub-038_\nir\sub-038_nir.avi
subject_sub-038_frame_029946,sub-038,batch2,1,29946,1787044027131,images/batch2/subject_sub-038_frame_029946.jpg,E:\正式实验\sub-038_\nir\sub-038_nir.avi
subject_sub-038_frame_038550,sub-038,batch2,2,38550,1787044313939,images/batch2/subject_sub-038_frame_038550.jpg,E:\正式实验\sub-038_\nir\sub-038_nir.avi
subject_sub-038_frame_041652,sub-038,batch2,2,41652,1787044417330,images/batch2/subject_sub-038_frame_041652.jpg,E:\正式实验\sub-038_\nir\sub-038_nir.avi
subject_sub-038_frame_044753,sub-038,batch2,2,44753,1787044520709,images/batch2/subject_sub-038_frame_044753.jpg,E:\正式实验\sub-038_\nir\sub-038_nir.avi
subject_sub-038_frame_047855,sub-038,batch2,2,47855,1787044624100,images/batch2/subject_sub-038_frame_047855.jpg,E:\正式实验\sub-038_\nir\sub-038_nir.avi
subject_sub-038_frame_050957,sub-038,batch2,2,50957,1787044727505,images/batch2/subject_sub-038_frame_050957.jpg,E:\正式实验\sub-038_\nir\sub-038_nir.avi
subject_sub-039_frame_012683,sub-039,batch2,1,12683,1787043204977,images/batch2/subject_sub-039_frame_012683.jpg,E:\正式实验\sub-039_\nir\sub-039_nir.avi
subject_sub-039_frame_015953,sub-039,batch2,1,15953,1787043313940,images/batch2/subject_sub-039_frame_015953.jpg,E:\正式实验\sub-039_\nir\sub-039_nir.avi
subject_sub-039_frame_019213,sub-039,batch2,1,19213,1787043422925,images/batch2/subject_sub-039_frame_019213.jpg,E:\正式实验\sub-039_\nir\sub-039_nir.avi
subject_sub-039_frame_022483,sub-039,batch2,1,22483,1787043531915,images/batch2/subject_sub-039_frame_022483.jpg,E:\正式实验\sub-039_\nir\sub-039_nir.avi
subject_sub-039_frame_025753,sub-039,batch2,1,25753,1787043640928,images/batch2/subject_sub-039_frame_025753.jpg,E:\正式实验\sub-039_\nir\sub-039_nir.avi
subject_sub-039_frame_034085,sub-039,batch2,2,34085,1787043918632,images/batch2/subject_sub-039_frame_034085.jpg,E:\正式实验\sub-039_\nir\sub-039_nir.avi
subject_sub-039_frame_037282,sub-039,batch2,2,37282,1787044025229,images/batch2/subject_sub-039_frame_037282.jpg,E:\正式实验\sub-039_\nir\sub-039_nir.avi
subject_sub-039_frame_040481,sub-039,batch2,2,40481,1787044131851,images/batch2/subject_sub-039_frame_040481.jpg,E:\正式实验\sub-039_\nir\sub-039_nir.avi
subject_sub-039_frame_043678,sub-039,batch2,2,43678,1787044238423,images/batch2/subject_sub-039_frame_043678.jpg,E:\正式实验\sub-039_\nir\sub-039_nir.avi
subject_sub-039_frame_046876,sub-039,batch2,2,46876,1787044345018,images/batch2/subject_sub-039_frame_046876.jpg,E:\正式实验\sub-039_\nir\sub-039_nir.avi
subject_sub-040_frame_013081,sub-040,batch2,1,13081,1787044811370,images/batch2/subject_sub-040_frame_013081.jpg,E:\正式实验\sub-040_\nir\sub-040_nir.avi
subject_sub-040_frame_016500,sub-040,batch2,1,16500,1787044925360,images/batch2/subject_sub-040_frame_016500.jpg,E:\正式实验\sub-040_\nir\sub-040_nir.avi
subject_sub-040_frame_019920,sub-040,batch2,1,19920,1787045039361,images/batch2/subject_sub-040_frame_019920.jpg,E:\正式实验\sub-040_\nir\sub-040_nir.avi
subject_sub-040_frame_023340,sub-040,batch2,1,23340,1787045153335,images/batch2/subject_sub-040_frame_023340.jpg,E:\正式实验\sub-040_\nir\sub-040_nir.avi
subject_sub-040_frame_026758,sub-040,batch2,1,26758,1787045267281,images/batch2/subject_sub-040_frame_026758.jpg,E:\正式实验\sub-040_\nir\sub-040_nir.avi
subject_sub-040_frame_035277,sub-040,batch2,2,35277,1787045551262,images/batch2/subject_sub-040_frame_035277.jpg,E:\正式实验\sub-040_\nir\sub-040_nir.avi
subject_sub-040_frame_038643,sub-040,batch2,2,38643,1787045663427,images/batch2/subject_sub-040_frame_038643.jpg,E:\正式实验\sub-040_\nir\sub-040_nir.avi
subject_sub-040_frame_042008,sub-040,batch2,2,42008,1787045775613,images/batch2/subject_sub-040_frame_042008.jpg,E:\正式实验\sub-040_\nir\sub-040_nir.avi
subject_sub-040_frame_045375,sub-040,batch2,2,45375,1787045887815,images/batch2/subject_sub-040_frame_045375.jpg,E:\正式实验\sub-040_\nir\sub-040_nir.avi
subject_sub-040_frame_048740,sub-040,batch2,2,48740,1787045999989,images/batch2/subject_sub-040_frame_048740.jpg,E:\正式实验\sub-040_\nir\sub-040_nir.avi
subject_sub-041_frame_008923,sub-041,batch2,1,8923,1787046266779,images/batch2/subject_sub-041_frame_008923.jpg,E:\正式实验\sub-041_\nir\sub-041_nir.avi
subject_sub-041_frame_011985,sub-041,batch2,1,11985,1787046368835,images/batch2/subject_sub-041_frame_011985.jpg,E:\正式实验\sub-041_\nir\sub-041_nir.avi
subject_sub-041_frame_015046,sub-041,batch2,1,15046,1787046470883,images/batch2/subject_sub-041_frame_015046.jpg,E:\正式实验\sub-041_\nir\sub-041_nir.avi
subject_sub-041_frame_018107,sub-041,batch2,1,18107,1787046572917,images/batch2/subject_sub-041_frame_018107.jpg,E:\正式实验\sub-041_\nir\sub-041_nir.avi
subject_sub-041_frame_021169,sub-041,batch2,1,21169,1787046674974,images/batch2/subject_sub-041_frame_021169.jpg,E:\正式实验\sub-041_\nir\sub-041_nir.avi
subject_sub-041_frame_028637,sub-041,batch2,2,28637,1787046923903,images/batch2/subject_sub-041_frame_028637.jpg,E:\正式实验\sub-041_\nir\sub-041_nir.avi
subject_sub-041_frame_031690,sub-041,batch2,2,31690,1787047025664,images/batch2/subject_sub-041_frame_031690.jpg,E:\正式实验\sub-041_\nir\sub-041_nir.avi
subject_sub-041_frame_034744,sub-041,batch2,2,34744,1787047127461,images/batch2/subject_sub-041_frame_034744.jpg,E:\正式实验\sub-041_\nir\sub-041_nir.avi
subject_sub-041_frame_037797,sub-041,batch2,2,37797,1787047229245,images/batch2/subject_sub-041_frame_037797.jpg,E:\正式实验\sub-041_\nir\sub-041_nir.avi
subject_sub-041_frame_040851,sub-041,batch2,2,40851,1787047331040,images/batch2/subject_sub-041_frame_040851.jpg,E:\正式实验\sub-041_\nir\sub-041_nir.avi
subject_sub-042_frame_012540,sub-042,batch2,1,12540,1787053231521,images/batch2/subject_sub-042_frame_012540.jpg,E:\正式实验\sub-042_\nir\sub-042_nir.avi
subject_sub-042_frame_015783,sub-042,batch2,1,15783,1787053339618,images/batch2/subject_sub-042_frame_015783.jpg,E:\正式实验\sub-042_\nir\sub-042_nir.avi
subject_sub-042_frame_019026,sub-042,batch2,1,19026,1787053447747,images/batch2/subject_sub-042_frame_019026.jpg,E:\正式实验\sub-042_\nir\sub-042_nir.avi
subject_sub-042_frame_022270,sub-042,batch2,1,22270,1787053555874,images/batch2/subject_sub-042_frame_022270.jpg,E:\正式实验\sub-042_\nir\sub-042_nir.avi
subject_sub-042_frame_025514,sub-042,batch2,1,25514,1787053663984,images/batch2/subject_sub-042_frame_025514.jpg,E:\正式实验\sub-042_\nir\sub-042_nir.avi
subject_sub-042_frame_033685,sub-042,batch2,2,33685,1787053936352,images/batch2/subject_sub-042_frame_033685.jpg,E:\正式实验\sub-042_\nir\sub-042_nir.avi
subject_sub-042_frame_036868,sub-042,batch2,2,36868,1787054042463,images/batch2/subject_sub-042_frame_036868.jpg,E:\正式实验\sub-042_\nir\sub-042_nir.avi
subject_sub-042_frame_040052,sub-042,batch2,2,40052,1787054148606,images/batch2/subject_sub-042_frame_040052.jpg,E:\正式实验\sub-042_\nir\sub-042_nir.avi
subject_sub-042_frame_043236,sub-042,batch2,2,43236,1787054254738,images/batch2/subject_sub-042_frame_043236.jpg,E:\正式实验\sub-042_\nir\sub-042_nir.avi
subject_sub-042_frame_046421,sub-042,batch2,2,46421,1787054360911,images/batch2/subject_sub-042_frame_046421.jpg,E:\正式实验\sub-042_\nir\sub-042_nir.avi
subject_sub-043_frame_011481,sub-043,batch2,1,11481,1787054367670,images/batch2/subject_sub-043_frame_011481.jpg,E:\正式实验\sub-043_\nir\sub-043_nir.avi
subject_sub-043_frame_014754,sub-043,batch2,1,14754,1787054476775,images/batch2/subject_sub-043_frame_014754.jpg,E:\正式实验\sub-043_\nir\sub-043_nir.avi
subject_sub-043_frame_018029,sub-043,batch2,1,18029,1787054585940,images/batch2/subject_sub-043_frame_018029.jpg,E:\正式实验\sub-043_\nir\sub-043_nir.avi
subject_sub-043_frame_021302,sub-043,batch2,1,21302,1787054695039,images/batch2/subject_sub-043_frame_021302.jpg,E:\正式实验\sub-043_\nir\sub-043_nir.avi
subject_sub-043_frame_024576,sub-043,batch2,1,24576,1787054804168,images/batch2/subject_sub-043_frame_024576.jpg,E:\正式实验\sub-043_\nir\sub-043_nir.avi
subject_sub-043_frame_035550,sub-043,batch2,2,35550,1787055169984,images/batch2/subject_sub-043_frame_035550.jpg,E:\正式实验\sub-043_\nir\sub-043_nir.avi
subject_sub-043_frame_038852,sub-043,batch2,2,38852,1787055280041,images/batch2/subject_sub-043_frame_038852.jpg,E:\正式实验\sub-043_\nir\sub-043_nir.avi
subject_sub-043_frame_042153,sub-043,batch2,2,42153,1787055390065,images/batch2/subject_sub-043_frame_042153.jpg,E:\正式实验\sub-043_\nir\sub-043_nir.avi
subject_sub-043_frame_045454,sub-043,batch2,2,45454,1787055500111,images/batch2/subject_sub-043_frame_045454.jpg,E:\正式实验\sub-043_\nir\sub-043_nir.avi
subject_sub-043_frame_048756,sub-043,batch2,2,48756,1787055610180,images/batch2/subject_sub-043_frame_048756.jpg,E:\正式实验\sub-043_\nir\sub-043_nir.avi
subject_sub-044_frame_012827,sub-044,batch2,1,12827,1787054227472,images/batch2/subject_sub-044_frame_012827.jpg,E:\正式实验\sub-044_\nir\sub-044_nir.avi
subject_sub-044_frame_016046,sub-044,batch2,1,16046,1787054334762,images/batch2/subject_sub-044_frame_016046.jpg,E:\正式实验\sub-044_\nir\sub-044_nir.avi
subject_sub-044_frame_019266,sub-044,batch2,1,19266,1787054442071,images/batch2/subject_sub-044_frame_019266.jpg,E:\正式实验\sub-044_\nir\sub-044_nir.avi
subject_sub-044_frame_022483,sub-044,batch2,1,22483,1787054549338,images/batch2/subject_sub-044_frame_022483.jpg,E:\正式实验\sub-044_\nir\sub-044_nir.avi
subject_sub-044_frame_025703,sub-044,batch2,1,25703,1787054656648,images/batch2/subject_sub-044_frame_025703.jpg,E:\正式实验\sub-044_\nir\sub-044_nir.avi
subject_sub-044_frame_033782,sub-044,batch2,2,33782,1787054925961,images/batch2/subject_sub-044_frame_033782.jpg,E:\正式实验\sub-044_\nir\sub-044_nir.avi
subject_sub-044_frame_036963,sub-044,batch2,2,36963,1787055031971,images/batch2/subject_sub-044_frame_036963.jpg,E:\正式实验\sub-044_\nir\sub-044_nir.avi
subject_sub-044_frame_040143,sub-044,batch2,2,40143,1787055137987,images/batch2/subject_sub-044_frame_040143.jpg,E:\正式实验\sub-044_\nir\sub-044_nir.avi
subject_sub-044_frame_043324,sub-044,batch2,2,43324,1787055244037,images/batch2/subject_sub-044_frame_043324.jpg,E:\正式实验\sub-044_\nir\sub-044_nir.avi
subject_sub-044_frame_046504,sub-044,batch2,2,46504,1787055350024,images/batch2/subject_sub-044_frame_046504.jpg,E:\正式实验\sub-044_\nir\sub-044_nir.avi
subject_sub-045_frame_014434,sub-045,batch2,1,14434,1787054219808,images/batch2/subject_sub-045_frame_014434.jpg,E:\正式实验\sub-045_\nir\sub-045_nir.avi
subject_sub-045_frame_017907,sub-045,batch2,1,17907,1787054335573,images/batch2/subject_sub-045_frame_017907.jpg,E:\正式实验\sub-045_\nir\sub-045_nir.avi
subject_sub-045_frame_021381,sub-045,batch2,1,21381,1787054451378,images/batch2/subject_sub-045_frame_021381.jpg,E:\正式实验\sub-045_\nir\sub-045_nir.avi
subject_sub-045_frame_024854,sub-045,batch2,1,24854,1787054567142,images/batch2/subject_sub-045_frame_024854.jpg,E:\正式实验\sub-045_\nir\sub-045_nir.avi
subject_sub-045_frame_028327,sub-045,batch2,1,28327,1787054682918,images/batch2/subject_sub-045_frame_028327.jpg,E:\正式实验\sub-045_\nir\sub-045_nir.avi
subject_sub-045_frame_037024,sub-045,batch2,2,37024,1787054972800,images/batch2/subject_sub-045_frame_037024.jpg,E:\正式实验\sub-045_\nir\sub-045_nir.avi
subject_sub-045_frame_040407,sub-045,batch2,2,40407,1787055085578,images/batch2/subject_sub-045_frame_040407.jpg,E:\正式实验\sub-045_\nir\sub-045_nir.avi
subject_sub-045_frame_043791,sub-045,batch2,2,43791,1787055198377,images/batch2/subject_sub-045_frame_043791.jpg,E:\正式实验\sub-045_\nir\sub-045_nir.avi
subject_sub-045_frame_047175,sub-045,batch2,2,47175,1787055311161,images/batch2/subject_sub-045_frame_047175.jpg,E:\正式实验\sub-045_\nir\sub-045_nir.avi
subject_sub-045_frame_050558,sub-045,batch2,2,50558,1787055423957,images/batch2/subject_sub-045_frame_050558.jpg,E:\正式实验\sub-045_\nir\sub-045_nir.avi
subject_sub-046_frame_011984,sub-046,batch2,1,11984,1787055919055,images/batch2/subject_sub-046_frame_011984.jpg,E:\正式实验\sub-046_\nir\sub-046_nir.avi
subject_sub-046_frame_015339,sub-046,batch2,1,15339,1787056030872,images/batch2/subject_sub-046_frame_015339.jpg,E:\正式实验\sub-046_\nir\sub-046_nir.avi
subject_sub-046_frame_018694,sub-046,batch2,1,18694,1787056142712,images/batch2/subject_sub-046_frame_018694.jpg,E:\正式实验\sub-046_\nir\sub-046_nir.avi
subject_sub-046_frame_022048,sub-046,batch2,1,22048,1787056254503,images/batch2/subject_sub-046_frame_022048.jpg,E:\正式实验\sub-046_\nir\sub-046_nir.avi
subject_sub-046_frame_025403,sub-046,batch2,1,25403,1787056366346,images/batch2/subject_sub-046_frame_025403.jpg,E:\正式实验\sub-046_\nir\sub-046_nir.avi
subject_sub-046_frame_033992,sub-046,batch2,2,33992,1787056652643,images/batch2/subject_sub-046_frame_033992.jpg,E:\正式实验\sub-046_\nir\sub-046_nir.avi
subject_sub-046_frame_037304,sub-046,batch2,2,37304,1787056763038,images/batch2/subject_sub-046_frame_037304.jpg,E:\正式实验\sub-046_\nir\sub-046_nir.avi
subject_sub-046_frame_040614,sub-046,batch2,2,40614,1787056873375,images/batch2/subject_sub-046_frame_040614.jpg,E:\正式实验\sub-046_\nir\sub-046_nir.avi
subject_sub-046_frame_043925,sub-046,batch2,2,43925,1787056983754,images/batch2/subject_sub-046_frame_043925.jpg,E:\正式实验\sub-046_\nir\sub-046_nir.avi
subject_sub-046_frame_047237,sub-046,batch2,2,47237,1787057094126,images/batch2/subject_sub-046_frame_047237.jpg,E:\正式实验\sub-046_\nir\sub-046_nir.avi
subject_sub-047_frame_017890,sub-047,batch2,1,17890,1787055453948,images/batch2/subject_sub-047_frame_017890.jpg,E:\正式实验\sub-047_\nir\sub-047_nir.avi
subject_sub-047_frame_021269,sub-047,batch2,1,21269,1787055566571,images/batch2/subject_sub-047_frame_021269.jpg,E:\正式实验\sub-047_\nir\sub-047_nir.avi
subject_sub-047_frame_024648,sub-047,batch2,1,24648,1787055679223,images/batch2/subject_sub-047_frame_024648.jpg,E:\正式实验\sub-047_\nir\sub-047_nir.avi
subject_sub-047_frame_028027,sub-047,batch2,1,28027,1787055791873,images/batch2/subject_sub-047_frame_028027.jpg,E:\正式实验\sub-047_\nir\sub-047_nir.avi
subject_sub-047_frame_031406,sub-047,batch2,1,31406,1787055904493,images/batch2/subject_sub-047_frame_031406.jpg,E:\正式实验\sub-047_\nir\sub-047_nir.avi
subject_sub-047_frame_041358,sub-047,batch2,2,41358,1787056236233,images/batch2/subject_sub-047_frame_041358.jpg,E:\正式实验\sub-047_\nir\sub-047_nir.avi
subject_sub-047_frame_044836,sub-047,batch2,2,44836,1787056352147,images/batch2/subject_sub-047_frame_044836.jpg,E:\正式实验\sub-047_\nir\sub-047_nir.avi
subject_sub-047_frame_048313,sub-047,batch2,2,48313,1787056468045,images/batch2/subject_sub-047_frame_048313.jpg,E:\正式实验\sub-047_\nir\sub-047_nir.avi
subject_sub-047_frame_051791,sub-047,batch2,2,51791,1787056583971,images/batch2/subject_sub-047_frame_051791.jpg,E:\正式实验\sub-047_\nir\sub-047_nir.avi
subject_sub-047_frame_055268,sub-047,batch2,2,55268,1787056699888,images/batch2/subject_sub-047_frame_055268.jpg,E:\正式实验\sub-047_\nir\sub-047_nir.avi
subject_sub-048_frame_013582,sub-048,batch2,1,13582,1787056118603,images/batch2/subject_sub-048_frame_013582.jpg,E:\正式实验\sub-048_\nir\sub-048_nir.avi
subject_sub-048_frame_016849,sub-048,batch2,1,16849,1787056227501,images/batch2/subject_sub-048_frame_016849.jpg,E:\正式实验\sub-048_\nir\sub-048_nir.avi
subject_sub-048_frame_020116,sub-048,batch2,1,20116,1787056336396,images/batch2/subject_sub-048_frame_020116.jpg,E:\正式实验\sub-048_\nir\sub-048_nir.avi
subject_sub-048_frame_023384,sub-048,batch2,1,23384,1787056445319,images/batch2/subject_sub-048_frame_023384.jpg,E:\正式实验\sub-048_\nir\sub-048_nir.avi
subject_sub-048_frame_026651,sub-048,batch2,1,26651,1787056554236,images/batch2/subject_sub-048_frame_026651.jpg,E:\正式实验\sub-048_\nir\sub-048_nir.avi
subject_sub-048_frame_035097,sub-048,batch2,2,35097,1787056835774,images/batch2/subject_sub-048_frame_035097.jpg,E:\正式实验\sub-048_\nir\sub-048_nir.avi
subject_sub-048_frame_038397,sub-048,batch2,2,38397,1787056945776,images/batch2/subject_sub-048_frame_038397.jpg,E:\正式实验\sub-048_\nir\sub-048_nir.avi
subject_sub-048_frame_041697,sub-048,batch2,2,41697,1787057055766,images/batch2/subject_sub-048_frame_041697.jpg,E:\正式实验\sub-048_\nir\sub-048_nir.avi
subject_sub-048_frame_044997,sub-048,batch2,2,44997,1787057165785,images/batch2/subject_sub-048_frame_044997.jpg,E:\正式实验\sub-048_\nir\sub-048_nir.avi
subject_sub-048_frame_048298,sub-048,batch2,2,48298,1787057275785,images/batch2/subject_sub-048_frame_048298.jpg,E:\正式实验\sub-048_\nir\sub-048_nir.avi
subject_sub-049_frame_011984,sub-049,batch2,1,11984,1787056507935,images/batch2/subject_sub-049_frame_011984.jpg,E:\正式实验\sub-049_\nir\sub-049_nir.avi
subject_sub-049_frame_015316,sub-049,batch2,1,15316,1787056618980,images/batch2/subject_sub-049_frame_015316.jpg,E:\正式实验\sub-049_\nir\sub-049_nir.avi
subject_sub-049_frame_018646,sub-049,batch2,1,18646,1787056729991,images/batch2/subject_sub-049_frame_018646.jpg,E:\正式实验\sub-049_\nir\sub-049_nir.avi
subject_sub-049_frame_021978,sub-049,batch2,1,21978,1787056841025,images/batch2/subject_sub-049_frame_021978.jpg,E:\正式实验\sub-049_\nir\sub-049_nir.avi
subject_sub-049_frame_025308,sub-049,batch2,1,25308,1787056952037,images/batch2/subject_sub-049_frame_025308.jpg,E:\正式实验\sub-049_\nir\sub-049_nir.avi
subject_sub-049_frame_034917,sub-049,batch2,2,34917,1787057272346,images/batch2/subject_sub-049_frame_034917.jpg,E:\正式实验\sub-049_\nir\sub-049_nir.avi
subject_sub-049_frame_038201,sub-049,batch2,2,38201,1787057381817,images/batch2/subject_sub-049_frame_038201.jpg,E:\正式实验\sub-049_\nir\sub-049_nir.avi
subject_sub-049_frame_041484,sub-049,batch2,2,41484,1787057491242,images/batch2/subject_sub-049_frame_041484.jpg,E:\正式实验\sub-049_\nir\sub-049_nir.avi
subject_sub-049_frame_044767,sub-049,batch2,2,44767,1787057600683,images/batch2/subject_sub-049_frame_044767.jpg,E:\正式实验\sub-049_\nir\sub-049_nir.avi
subject_sub-049_frame_048051,sub-049,batch2,2,48051,1787057710159,images/batch2/subject_sub-049_frame_048051.jpg,E:\正式实验\sub-049_\nir\sub-049_nir.avi
subject_sub-050_frame_014453,sub-050,batch2,1,14453,1787057414622,images/batch2/subject_sub-050_frame_014453.jpg,E:\正式实验\sub-050_\nir\sub-050_nir.avi
subject_sub-050_frame_017801,sub-050,batch2,1,17801,1787057526203,images/batch2/subject_sub-050_frame_017801.jpg,E:\正式实验\sub-050_\nir\sub-050_nir.avi
subject_sub-050_frame_021148,sub-050,batch2,1,21148,1787057637787,images/batch2/subject_sub-050_frame_021148.jpg,E:\正式实验\sub-050_\nir\sub-050_nir.avi
subject_sub-050_frame_024495,sub-050,batch2,1,24495,1787057749356,images/batch2/subject_sub-050_frame_024495.jpg,E:\正式实验\sub-050_\nir\sub-050_nir.avi
subject_sub-050_frame_027843,sub-050,batch2,1,27843,1787057860939,images/batch2/subject_sub-050_frame_027843.jpg,E:\正式实验\sub-050_\nir\sub-050_nir.avi
subject_sub-050_frame_039034,sub-050,batch2,2,39034,1787058233977,images/batch2/subject_sub-050_frame_039034.jpg,E:\正式实验\sub-050_\nir\sub-050_nir.avi
subject_sub-050_frame_042350,sub-050,batch2,2,42350,1787058344521,images/batch2/subject_sub-050_frame_042350.jpg,E:\正式实验\sub-050_\nir\sub-050_nir.avi
subject_sub-050_frame_045667,sub-050,batch2,2,45667,1787058455097,images/batch2/subject_sub-050_frame_045667.jpg,E:\正式实验\sub-050_\nir\sub-050_nir.avi
subject_sub-050_frame_048983,sub-050,batch2,2,48983,1787058565637,images/batch2/subject_sub-050_frame_048983.jpg,E:\正式实验\sub-050_\nir\sub-050_nir.avi
subject_sub-050_frame_052301,sub-050,batch2,2,52301,1787058676231,images/batch2/subject_sub-050_frame_052301.jpg,E:\正式实验\sub-050_\nir\sub-050_nir.avi
subject_sub-051_frame_012138,sub-051,batch2,1,12138,1787057682826,images/batch2/subject_sub-051_frame_012138.jpg,E:\正式实验\sub-051_\nir\sub-051_nir.avi
subject_sub-051_frame_015464,sub-051,batch2,1,15464,1787057793709,images/batch2/subject_sub-051_frame_015464.jpg,E:\正式实验\sub-051_\nir\sub-051_nir.avi
subject_sub-051_frame_018791,sub-051,batch2,1,18791,1787057904605,images/batch2/subject_sub-051_frame_018791.jpg,E:\正式实验\sub-051_\nir\sub-051_nir.avi
subject_sub-051_frame_022117,sub-051,batch2,1,22117,1787058015484,images/batch2/subject_sub-051_frame_022117.jpg,E:\正式实验\sub-051_\nir\sub-051_nir.avi
subject_sub-051_frame_025445,sub-051,batch2,1,25445,1787058126397,images/batch2/subject_sub-051_frame_025445.jpg,E:\正式实验\sub-051_\nir\sub-051_nir.avi
subject_sub-051_frame_033624,sub-051,batch2,2,33624,1787058399053,images/batch2/subject_sub-051_frame_033624.jpg,E:\正式实验\sub-051_\nir\sub-051_nir.avi
subject_sub-051_frame_036854,sub-051,batch2,2,36854,1787058506715,images/batch2/subject_sub-051_frame_036854.jpg,E:\正式实验\sub-051_\nir\sub-051_nir.avi
subject_sub-051_frame_040085,sub-051,batch2,2,40085,1787058614442,images/batch2/subject_sub-051_frame_040085.jpg,E:\正式实验\sub-051_\nir\sub-051_nir.avi
subject_sub-051_frame_043315,sub-051,batch2,2,43315,1787058722095,images/batch2/subject_sub-051_frame_043315.jpg,E:\正式实验\sub-051_\nir\sub-051_nir.avi
subject_sub-051_frame_046546,sub-051,batch2,2,46546,1787058829779,images/batch2/subject_sub-051_frame_046546.jpg,E:\正式实验\sub-051_\nir\sub-051_nir.avi
subject_sub-052_frame_014046,sub-052,batch2,1,14046,1787058759587,images/batch2/subject_sub-052_frame_014046.jpg,E:\正式实验\sub-052_\nir\sub-052_nir.avi
subject_sub-052_frame_017298,sub-052,batch2,1,17298,1787058867984,images/batch2/subject_sub-052_frame_017298.jpg,E:\正式实验\sub-052_\nir\sub-052_nir.avi
subject_sub-052_frame_020551,sub-052,batch2,1,20551,1787058976430,images/batch2/subject_sub-052_frame_020551.jpg,E:\正式实验\sub-052_\nir\sub-052_nir.avi
subject_sub-052_frame_023803,sub-052,batch2,1,23803,1787059084834,images/batch2/subject_sub-052_frame_023803.jpg,E:\正式实验\sub-052_\nir\sub-052_nir.avi
subject_sub-052_frame_027055,sub-052,batch2,1,27055,1787059193236,images/batch2/subject_sub-052_frame_027055.jpg,E:\正式实验\sub-052_\nir\sub-052_nir.avi
subject_sub-052_frame_035350,sub-052,batch2,2,35350,1787059469711,images/batch2/subject_sub-052_frame_035350.jpg,E:\正式实验\sub-052_\nir\sub-052_nir.avi
subject_sub-052_frame_038539,sub-052,batch2,2,38539,1787059576036,images/batch2/subject_sub-052_frame_038539.jpg,E:\正式实验\sub-052_\nir\sub-052_nir.avi
subject_sub-052_frame_041729,sub-052,batch2,2,41729,1787059682365,images/batch2/subject_sub-052_frame_041729.jpg,E:\正式实验\sub-052_\nir\sub-052_nir.avi
subject_sub-052_frame_044919,sub-052,batch2,2,44919,1787059788693,images/batch2/subject_sub-052_frame_044919.jpg,E:\正式实验\sub-052_\nir\sub-052_nir.avi
subject_sub-052_frame_048110,sub-052,batch2,2,48110,1787059895050,images/batch2/subject_sub-052_frame_048110.jpg,E:\正式实验\sub-052_\nir\sub-052_nir.avi
subject_sub-053_frame_015533,sub-053,batch2,1,15533,1787058962539,images/batch2/subject_sub-053_frame_015533.jpg,E:\正式实验\sub-053_\nir\sub-053_nir.avi
subject_sub-053_frame_018749,sub-053,batch2,1,18749,1787059069735,images/batch2/subject_sub-053_frame_018749.jpg,E:\正式实验\sub-053_\nir\sub-053_nir.avi
subject_sub-053_frame_021963,sub-053,batch2,1,21963,1787059176906,images/batch2/subject_sub-053_frame_021963.jpg,E:\正式实验\sub-053_\nir\sub-053_nir.avi
subject_sub-053_frame_025180,sub-053,batch2,1,25180,1787059284102,images/batch2/subject_sub-053_frame_025180.jpg,E:\正式实验\sub-053_\nir\sub-053_nir.avi
subject_sub-053_frame_028396,sub-053,batch2,1,28396,1787059391293,images/batch2/subject_sub-053_frame_028396.jpg,E:\正式实验\sub-053_\nir\sub-053_nir.avi
subject_sub-053_frame_036519,sub-053,batch2,2,36519,1787059662075,images/batch2/subject_sub-053_frame_036519.jpg,E:\正式实验\sub-053_\nir\sub-053_nir.avi
subject_sub-053_frame_039759,sub-053,batch2,2,39759,1787059770074,images/batch2/subject_sub-053_frame_039759.jpg,E:\正式实验\sub-053_\nir\sub-053_nir.avi
subject_sub-053_frame_043000,sub-053,batch2,2,43000,1787059878096,images/batch2/subject_sub-053_frame_043000.jpg,E:\正式实验\sub-053_\nir\sub-053_nir.avi
subject_sub-053_frame_046241,sub-053,batch2,2,46241,1787059986149,images/batch2/subject_sub-053_frame_046241.jpg,E:\正式实验\sub-053_\nir\sub-053_nir.avi
subject_sub-053_frame_049482,sub-053,batch2,2,49482,1787060094159,images/batch2/subject_sub-053_frame_049482.jpg,E:\正式实验\sub-053_\nir\sub-053_nir.avi
subject_sub-054_frame_013220,sub-054,batch2,1,13220,1787060770657,images/batch2/subject_sub-054_frame_013220.jpg,E:\正式实验\sub-054_\nir\sub-054_nir.avi
subject_sub-054_frame_016511,sub-054,batch2,1,16511,1787060880345,images/batch2/subject_sub-054_frame_016511.jpg,E:\正式实验\sub-054_\nir\sub-054_nir.avi
subject_sub-054_frame_019803,sub-054,batch2,1,19803,1787060990055,images/batch2/subject_sub-054_frame_019803.jpg,E:\正式实验\sub-054_\nir\sub-054_nir.avi
subject_sub-054_frame_023095,sub-054,batch2,1,23095,1787061099813,images/batch2/subject_sub-054_frame_023095.jpg,E:\正式实验\sub-054_\nir\sub-054_nir.avi
subject_sub-054_frame_026385,sub-054,batch2,1,26385,1787061209496,images/batch2/subject_sub-054_frame_026385.jpg,E:\正式实验\sub-054_\nir\sub-054_nir.avi
subject_sub-054_frame_034609,sub-054,batch2,2,34609,1787061483588,images/batch2/subject_sub-054_frame_034609.jpg,E:\正式实验\sub-054_\nir\sub-054_nir.avi
subject_sub-054_frame_037746,sub-054,batch2,2,37746,1787061588166,images/batch2/subject_sub-054_frame_037746.jpg,E:\正式实验\sub-054_\nir\sub-054_nir.avi
subject_sub-054_frame_040883,sub-054,batch2,2,40883,1787061692741,images/batch2/subject_sub-054_frame_040883.jpg,E:\正式实验\sub-054_\nir\sub-054_nir.avi
subject_sub-054_frame_044021,sub-054,batch2,2,44021,1787061797346,images/batch2/subject_sub-054_frame_044021.jpg,E:\正式实验\sub-054_\nir\sub-054_nir.avi
subject_sub-054_frame_047158,sub-054,batch2,2,47158,1787061901907,images/batch2/subject_sub-054_frame_047158.jpg,E:\正式实验\sub-054_\nir\sub-054_nir.avi
subject_sub-055_frame_012645,sub-055,batch2,1,12645,1787060257970,images/batch2/subject_sub-055_frame_012645.jpg,E:\正式实验\sub-055_\nir\sub-055_nir.avi
subject_sub-055_frame_015908,sub-055,batch2,1,15908,1787060366740,images/batch2/subject_sub-055_frame_015908.jpg,E:\正式实验\sub-055_\nir\sub-055_nir.avi
subject_sub-055_frame_019171,sub-055,batch2,1,19171,1787060475487,images/batch2/subject_sub-055_frame_019171.jpg,E:\正式实验\sub-055_\nir\sub-055_nir.avi
subject_sub-055_frame_022434,sub-055,batch2,1,22434,1787060584254,images/batch2/subject_sub-055_frame_022434.jpg,E:\正式实验\sub-055_\nir\sub-055_nir.avi
subject_sub-055_frame_025697,sub-055,batch2,1,25697,1787060693024,images/batch2/subject_sub-055_frame_025697.jpg,E:\正式实验\sub-055_\nir\sub-055_nir.avi
subject_sub-055_frame_033956,sub-055,batch2,2,33956,1787060968315,images/batch2/subject_sub-055_frame_033956.jpg,E:\正式实验\sub-055_\nir\sub-055_nir.avi
subject_sub-055_frame_037112,sub-055,batch2,2,37112,1787061073534,images/batch2/subject_sub-055_frame_037112.jpg,E:\正式实验\sub-055_\nir\sub-055_nir.avi
subject_sub-055_frame_040269,sub-055,batch2,2,40269,1787061178748,images/batch2/subject_sub-055_frame_040269.jpg,E:\正式实验\sub-055_\nir\sub-055_nir.avi
subject_sub-055_frame_043425,sub-055,batch2,2,43425,1787061283948,images/batch2/subject_sub-055_frame_043425.jpg,E:\正式实验\sub-055_\nir\sub-055_nir.avi
subject_sub-055_frame_046581,sub-055,batch2,2,46581,1787061389162,images/batch2/subject_sub-055_frame_046581.jpg,E:\正式实验\sub-055_\nir\sub-055_nir.avi
subject_sub-061_frame_014782,sub-061,batch2,1,14782,1787037789246,images/batch2/subject_sub-061_frame_014782.jpg,E:\正式实验\sub-061_\nir\sub-061_nir.avi
subject_sub-061_frame_018048,sub-061,batch2,1,18048,1787037898104,images/batch2/subject_sub-061_frame_018048.jpg,E:\正式实验\sub-061_\nir\sub-061_nir.avi
subject_sub-061_frame_021314,sub-061,batch2,1,21314,1787038006963,images/batch2/subject_sub-061_frame_021314.jpg,E:\正式实验\sub-061_\nir\sub-061_nir.avi
subject_sub-061_frame_024580,sub-061,batch2,1,24580,1787038115831,images/batch2/subject_sub-061_frame_024580.jpg,E:\正式实验\sub-061_\nir\sub-061_nir.avi
subject_sub-061_frame_027846,sub-061,batch2,1,27846,1787038224732,images/batch2/subject_sub-061_frame_027846.jpg,E:\正式实验\sub-061_\nir\sub-061_nir.avi
subject_sub-061_frame_037360,sub-061,batch2,2,37360,1787038541826,images/batch2/subject_sub-061_frame_037360.jpg,E:\正式实验\sub-061_\nir\sub-061_nir.avi
subject_sub-061_frame_040681,sub-061,batch2,2,40681,1787038652548,images/batch2/subject_sub-061_frame_040681.jpg,E:\正式实验\sub-061_\nir\sub-061_nir.avi
subject_sub-061_frame_044002,sub-061,batch2,2,44002,1787038763250,images/batch2/subject_sub-061_frame_044002.jpg,E:\正式实验\sub-061_\nir\sub-061_nir.avi
subject_sub-061_frame_047323,sub-061,batch2,2,47323,1787038873950,images/batch2/subject_sub-061_frame_047323.jpg,E:\正式实验\sub-061_\nir\sub-061_nir.avi
subject_sub-061_frame_050645,sub-061,batch2,2,50645,1787038984683,images/batch2/subject_sub-061_frame_050645.jpg,E:\正式实验\sub-061_\nir\sub-061_nir.avi
