image,subject,batch,split,n_boxes
images/train/subject_sub-011_frame_011337.jpg,sub-011,batch1,train,2
images/train/subject_sub-011_frame_014529.jpg,sub-011,batch1,train,2
images/train/subject_sub-011_frame_017721.jpg,sub-011,batch1,train,2
images/train/subject_sub-011_frame_020912.jpg,sub-011,batch1,train,2
images/train/subject_sub-011_frame_024105.jpg,sub-011,batch1,train,2
images/train/subject_sub-011_frame_033254.jpg,sub-011,batch1,train,2
images/train/subject_sub-011_frame_036534.jpg,sub-011,batch1,train,2
images/train/subject_sub-011_frame_039814.jpg,sub-011,batch1,train,2
images/train/subject_sub-011_frame_043094.jpg,sub-011,batch1,train,2
images/train/subject_sub-011_frame_046374.jpg,sub-011,batch1,train,2
images/train/subject_sub-011_frame_055838.jpg,sub-011,batch1,train,2
images/train/subject_sub-011_frame_058985.jpg,sub-011,batch1,train,2
images/train/subject_sub-011_frame_062131.jpg,sub-011,batch1,train,2
images/train/subject_sub-011_frame_065278.jpg,sub-011,batch1,train,2
images/train/subject_sub-011_frame_068423.jpg,sub-011,batch1,train,2
images/test/subject_sub-012_frame_011730.jpg,sub-012,batch1,test,2
images/test/subject_sub-012_frame_014995.jpg,sub-012,batch1,test,2
images/test/subject_sub-012_frame_018262.jpg,sub-012,batch1,test,2
images/test/subject_sub-012_frame_021530.jpg,sub-012,batch1,test,2
images/test/subject_sub-012_frame_024798.jpg,sub-012,batch1,test,2
images/test/subject_sub-012_frame_033459.jpg,sub-012,batch1,test,2
images/test/subject_sub-012_frame_036834.jpg,sub-012,batch1,test,2
images/test/subject_sub-012_frame_040210.jpg,sub-012,batch1,test,2
images/test/subject_sub-012_frame_043586.jpg,sub-012,batch1,test,2
images/test/subject_sub-012_frame_046962.jpg,sub-012,batch1,test,2
images/test/subject_sub-012_frame_055330.jpg,sub-012,batch1,test,2
images/test/subject_sub-012_frame_058609.jpg,sub-012,batch1,test,2
images/test/subject_sub-012_frame_061888.jpg,sub-012,batch1,test,2
images/test/subject_sub-012_frame_065166.jpg,sub-012,batch1,test,2
images/test/subject_sub-012_frame_068445.jpg,sub-012,batch1,test,2
images/train/subject_sub-013_frame_012501.jpg,sub-013,batch1,train,2
images/train/subject_sub-013_frame_015833.jpg,sub-013,batch1,train,2
images/train/subject_sub-013_frame_019164.jpg,sub-013,batch1,train,2
images/train/subject_sub-013_frame_022496.jpg,sub-013,batch1,train,2
images/train/subject_sub-013_frame_025828.jpg,sub-013,batch1,train,2
images/train/subject_sub-013_frame_034107.jpg,sub-013,batch1,train,2
images/train/subject_sub-013_frame_037378.jpg,sub-013,batch1,train,2
images/train/subject_sub-013_frame_040648.jpg,sub-013,batch1,train,2
images/train/subject_sub-013_frame_043920.jpg,sub-013,batch1,train,2
images/train/subject_sub-013_frame_047190.jpg,sub-013,batch1,train,2
images/train/subject_sub-013_frame_055171.jpg,sub-013,batch1,train,2
images/train/subject_sub-013_frame_058446.jpg,sub-013,batch1,train,2
images/train/subject_sub-013_frame_061721.jpg,sub-013,batch1,train,2
images/train/subject_sub-013_frame_064996.jpg,sub-013,batch1,train,2
images/train/subject_sub-013_frame_068270.jpg,sub-013,batch1,train,2
images/train/subject_sub-014_frame_011534.jpg,sub-014,batch1,train,2
images/train/subject_sub-014_frame_014827.jpg,sub-014,batch1,train,2
images/train/subject_sub-014_frame_018118.jpg,sub-014,batch1,train,2
images/train/subject_sub-014_frame_021412.jpg,sub-014,batch1,train,2
images/train/subject_sub-014_frame_024705.jpg,sub-014,batch1,train,2
images/train/subject_sub-014_frame_034732.jpg,sub-014,batch1,train,2
images/train/subject_sub-014_frame_038057.jpg,sub-014,batch1,train,1
images/train/subject_sub-014_frame_041384.jpg,sub-014,batch1,train,1
images/train/subject_sub-014_frame_044711.jpg,sub-014,batch1,train,1
images/train/subject_sub-014_frame_048037.jpg,sub-014,batch1,train,1
images/train/subject_sub-014_frame_056558.jpg,sub-014,batch1,train,1
images/train/subject_sub-014_frame_060036.jpg,sub-014,batch1,train,1
images/train/subject_sub-014_frame_063514.jpg,sub-014,batch1,train,1
images/train/subject_sub-014_frame_066992.jpg,sub-014,batch1,train,1
images/train/subject_sub-014_frame_070470.jpg,sub-014,batch1,train,1
images/val/subject_sub-015_frame_015488.jpg,sub-015,batch1,val,2
images/val/subject_sub-015_frame_018698.jpg,sub-015,batch1,val,2
images/val/subject_sub-015_frame_021908.jpg,sub-015,batch1,val,2
images/val/subject_sub-015_frame_025118.jpg,sub-015,batch1,val,2
images/val/subject_sub-015_frame_028328.jpg,sub-015,batch1,val,2
images/val/subject_sub-015_frame_037129.jpg,sub-015,batch1,val,2
images/val/subject_sub-015_frame_040299.jpg,sub-015,batch1,val,2
images/val/subject_sub-015_frame_043469.jpg,sub-015,batch1,val,2
images/val/subject_sub-015_frame_046638.jpg,sub-015,batch1,val,2
images/val/subject_sub-015_frame_049809.jpg,sub-015,batch1,val,2
images/val/subject_sub-015_frame_058828.jpg,sub-015,batch1,val,2
images/val/subject_sub-015_frame_062081.jpg,sub-015,batch1,val,2
images/val/subject_sub-015_frame_065335.jpg,sub-015,batch1,val,2
images/val/subject_sub-015_frame_068589.jpg,sub-015,batch1,val,2
images/val/subject_sub-015_frame_071843.jpg,sub-015,batch1,val,2
images/train/subject_sub-016_frame_010554.jpg,sub-016,batch1,train,2
images/train/subject_sub-016_frame_013869.jpg,sub-016,batch1,train,2
images/train/subject_sub-016_frame_017184.jpg,sub-016,batch1,train,2
images/train/subject_sub-016_frame_020499.jpg,sub-016,batch1,train,2
images/train/subject_sub-016_frame_023814.jpg,sub-016,batch1,train,2
images/train/subject_sub-016_frame_032875.jpg,sub-016,batch1,train,2
images/train/subject_sub-016_frame_036316.jpg,sub-016,batch1,train,2
images/train/subject_sub-016_frame_039755.jpg,sub-016,batch1,train,2
images/train/subject_sub-016_frame_046634.jpg,sub-016,batch1,train,2
images/train/subject_sub-016_frame_057753.jpg,sub-016,batch1,train,2
images/train/subject_sub-016_frame_060977.jpg,sub-016,batch1,train,2
images/train/subject_sub-016_frame_064200.jpg,sub-016,batch1,train,2
images/train/subject_sub-016_frame_067423.jpg,sub-016,batch1,train,2
images/train/subject_sub-016_frame_070646.jpg,sub-016,batch1,train,2
images/train/subject_sub-017_frame_012336.jpg,sub-017,batch1,train,2
images/train/subject_sub-017_frame_015581.jpg,sub-017,batch1,train,2
images/train/subject_sub-017_frame_018824.jpg,sub-017,batch1,train,2
images/train/subject_sub-017_frame_022069.jpg,sub-017,batch1,train,2
images/train/subject_sub-017_frame_025313.jpg,sub-017,batch1,train,2
images/train/subject_sub-017_frame_033468.jpg,sub-017,batch1,train,2
images/train/subject_sub-017_frame_036613.jpg,sub-017,batch1,train,2
images/train/subject_sub-017_frame_039757.jpg,sub-017,batch1,train,2
images/train/subject_sub-017_frame_042901.jpg,sub-017,batch1,train,2
images/train/subject_sub-017_frame_046046.jpg,sub-017,batch1,train,2
images/train/subject_sub-017_frame_054360.jpg,sub-017,batch1,train,2
images/train/subject_sub-017_frame_057494.jpg,sub-017,batch1,train,2
images/train/subject_sub-017_frame_060629.jpg,sub-017,batch1,train,2
images/train/subject_sub-017_frame_063764.jpg,sub-017,batch1,train,2
images/train/subject_sub-017_frame_066900.jpg,sub-017,batch1,train,2
images/train/subject_sub-018_frame_012300.jpg,sub-018,batch1,train,2
images/train/subject_sub-018_frame_015538.jpg,sub-018,batch1,train,2
images/train/subject_sub-018_frame_018777.jpg,sub-018,batch1,train,2
images/train/subject_sub-018_frame_022015.jpg,sub-018,batch1,train,2
images/train/subject_sub-018_frame_025254.jpg,sub-018,batch1,train,2
images/train/subject_sub-018_frame_033654.jpg,sub-018,batch1,train,2
images/train/subject_sub-018_frame_036828.jpg,sub-018,batch1,train,2
images/train/subject_sub-018_frame_040002.jpg,sub-018,batch1,train,2
images/train/subject_sub-018_frame_043177.jpg,sub-018,batch1,train,2
images/train/subject_sub-018_frame_046350.jpg,sub-018,batch1,train,2
images/train/subject_sub-018_frame_054039.jpg,sub-018,batch1,train,2
images/train/subject_sub-018_frame_057207.jpg,sub-018,batch1,train,2
images/train/subject_sub-018_frame_060374.jpg,sub-018,batch1,train,2
images/train/subject_sub-018_frame_063541.jpg,sub-018,batch1,train,2
images/train/subject_sub-018_frame_066709.jpg,sub-018,batch1,train,2
images/train/subject_sub-019_frame_018823.jpg,sub-019,batch1,train,2
images/train/subject_sub-019_frame_022519.jpg,sub-019,batch1,train,2
images/train/subject_sub-019_frame_026214.jpg,sub-019,batch1,train,2
images/train/subject_sub-019_frame_029911.jpg,sub-019,batch1,train,2
images/train/subject_sub-019_frame_033606.jpg,sub-019,batch1,train,2
images/train/subject_sub-019_frame_048051.jpg,sub-019,batch1,train,2
images/train/subject_sub-019_frame_051656.jpg,sub-019,batch1,train,2
images/train/subject_sub-019_frame_055261.jpg,sub-019,batch1,train,2
images/train/subject_sub-019_frame_058865.jpg,sub-019,batch1,train,2
images/train/subject_sub-019_frame_062470.jpg,sub-019,batch1,train,2
images/train/subject_sub-019_frame_074292.jpg,sub-019,batch1,train,2
images/train/subject_sub-019_frame_077706.jpg,sub-019,batch1,train,2
images/train/subject_sub-019_frame_081120.jpg,sub-019,batch1,train,2
images/train/subject_sub-019_frame_084535.jpg,sub-019,batch1,train,2
images/train/subject_sub-019_frame_087949.jpg,sub-019,batch1,train,2
images/train/subject_sub-020_frame_014997.jpg,sub-020,batch1,train,2
images/train/subject_sub-020_frame_018372.jpg,sub-020,batch1,train,2
images/train/subject_sub-020_frame_021747.jpg,sub-020,batch1,train,2
images/train/subject_sub-020_frame_025122.jpg,sub-020,batch1,train,2
images/train/subject_sub-020_frame_028496.jpg,sub-020,batch1,train,2
images/train/subject_sub-020_frame_038798.jpg,sub-020,batch1,train,2
images/train/subject_sub-020_frame_042141.jpg,sub-020,batch1,train,2
images/train/subject_sub-020_frame_045484.jpg,sub-020,batch1,train,2
images/train/subject_sub-020_frame_048828.jpg,sub-020,batch1,train,2
images/train/subject_sub-020_frame_052171.jpg,sub-020,batch1,train,2
images/train/subject_sub-020_frame_061198.jpg,sub-020,batch1,train,2
images/train/subject_sub-020_frame_064552.jpg,sub-020,batch1,train,2
images/train/subject_sub-020_frame_067906.jpg,sub-020,batch1,train,2
images/train/subject_sub-020_frame_071260.jpg,sub-020,batch1,train,2
images/train/subject_sub-020_frame_074614.jpg,sub-020,batch1,train,2
images/test/subject_sub-021_frame_014094.jpg,sub-021,batch1,test,2
images/test/subject_sub-021_frame_017379.jpg,sub-021,batch1,test,2
images/test/subject_sub-021_frame_020665.jpg,sub-021,batch1,test,2
images/test/subject_sub-021_frame_023950.jpg,sub-021,batch1,test,2
images/test/subject_sub-021_frame_027235.jpg,sub-021,batch1,test,2
images/test/subject_sub-021_frame_036077.jpg,sub-021,batch1,test,2
images/test/subject_sub-021_frame_039320.jpg,sub-021,batch1,test,2
images/test/subject_sub-021_frame_042564.jpg,sub-021,batch1,test,2
images/test/subject_sub-021_frame_045808.jpg,sub-021,batch1,test,2
images/test/subject_sub-021_frame_049052.jpg,sub-021,batch1,test,2
images/test/subject_sub-021_frame_058975.jpg,sub-021,batch1,test,2
images/test/subject_sub-021_frame_062148.jpg,sub-021,batch1,test,2
images/test/subject_sub-021_frame_065320.jpg,sub-021,batch1,test,2
images/test/subject_sub-021_frame_068492.jpg,sub-021,batch1,test,2
images/test/subject_sub-021_frame_071665.jpg,sub-021,batch1,test,2
images/train/subject_sub-022_frame_013989.jpg,sub-022,batch1,train,2
images/train/subject_sub-022_frame_017252.jpg,sub-022,batch1,train,2
images/train/subject_sub-022_frame_020515.jpg,sub-022,batch1,train,2
images/train/subject_sub-022_frame_023778.jpg,sub-022,batch1,train,2
images/train/subject_sub-022_frame_027041.jpg,sub-022,batch1,train,2
images/train/subject_sub-022_frame_035603.jpg,sub-022,batch1,train,2
images/train/subject_sub-022_frame_038756.jpg,sub-022,batch1,train,2
images/train/subject_sub-022_frame_041910.jpg,sub-022,batch1,train,2
images/train/subject_sub-022_frame_045064.jpg,sub-022,batch1,train,2
images/train/subject_sub-022_frame_048217.jpg,sub-022,batch1,train,2
images/train/subject_sub-022_frame_056549.jpg,sub-022,batch1,train,2
images/train/subject_sub-022_frame_059675.jpg,sub-022,batch1,train,2
images/train/subject_sub-022_frame_062802.jpg,sub-022,batch1,train,2
images/train/subject_sub-022_frame_065928.jpg,sub-022,batch1,train,2
images/train/subject_sub-022_frame_069054.jpg,sub-022,batch1,train,2
images/train/subject_sub-023_frame_016442.jpg,sub-023,batch1,train,2
images/train/subject_sub-023_frame_019787.jpg,sub-023,batch1,train,2
images/train/subject_sub-023_frame_023133.jpg,sub-023,batch1,train,2
images/train/subject_sub-023_frame_026478.jpg,sub-023,batch1,train,2
images/train/subject_sub-023_frame_029824.jpg,sub-023,batch1,train,2
images/train/subject_sub-023_frame_040818.jpg,sub-023,batch1,train,2
images/train/subject_sub-023_frame_044053.jpg,sub-023,batch1,train,2
images/train/subject_sub-023_frame_047288.jpg,sub-023,batch1,train,2
images/train/subject_sub-023_frame_050523.jpg,sub-023,batch1,train,2
images/train/subject_sub-023_frame_053757.jpg,sub-023,batch1,train,2
images/train/subject_sub-023_frame_061812.jpg,sub-023,batch1,train,2
images/train/subject_sub-023_frame_064971.jpg,sub-023,batch1,train,2
images/train/subject_sub-023_frame_068129.jpg,sub-023,batch1,train,2
images/train/subject_sub-023_frame_071288.jpg,sub-023,batch1,train,2
images/train/subject_sub-023_frame_074448.jpg,sub-023,batch1,train,2
images/train/subject_sub-024_frame_030347.jpg,sub-024,batch1,train,2
images/train/subject_sub-024_frame_050369.jpg,sub-024,batch1,train,2
images/train/subject_sub-024_frame_053419.jpg,sub-024,batch1,train,2
images/train/subject_sub-024_frame_056465.jpg,sub-024,batch1,train,2
images/train/subject_sub-024_frame_062566.jpg,sub-024,batch1,train,2
images/train/subject_sub-025_frame_014635.jpg,sub-025,batch1,train,2
images/train/subject_sub-025_frame_017923.jpg,sub-025,batch1,train,2
images/train/subject_sub-025_frame_021211.jpg,sub-025,batch1,train,2
images/train/subject_sub-025_frame_024499.jpg,sub-025,batch1,train,2
images/train/subject_sub-025_frame_027787.jpg,sub-025,batch1,train,2
images/train/subject_sub-025_frame_036476.jpg,sub-025,batch1,train,2
images/train/subject_sub-025_frame_039766.jpg,sub-025,batch1,train,2
images/train/subject_sub-025_frame_043055.jpg,sub-025,batch1,train,2
images/train/subject_sub-025_frame_046345.jpg,sub-025,batch1,train,2
images/train/subject_sub-025_frame_049634.jpg,sub-025,batch1,train,2
images/train/subject_sub-025_frame_059201.jpg,sub-025,batch1,train,2
images/train/subject_sub-025_frame_062548.jpg,sub-025,batch1,train,2
images/train/subject_sub-025_frame_065903.jpg,sub-025,batch1,train,2
images/train/subject_sub-025_frame_069256.jpg,sub-025,batch1,train,2
images/train/subject_sub-025_frame_072612.jpg,sub-025,batch1,train,2
images/train/subject_sub-026_frame_016223.jpg,sub-026,batch1,train,2
images/train/subject_sub-026_frame_019410.jpg,sub-026,batch1,train,2
images/train/subject_sub-026_frame_022597.jpg,sub-026,batch1,train,2
images/train/subject_sub-026_frame_025783.jpg,sub-026,batch1,train,2
images/train/subject_sub-026_frame_028971.jpg,sub-026,batch1,train,2
images/train/subject_sub-026_frame_037001.jpg,sub-026,batch1,train,2
images/train/subject_sub-026_frame_040158.jpg,sub-026,batch1,train,2
images/train/subject_sub-026_frame_043313.jpg,sub-026,batch1,train,2
images/train/subject_sub-026_frame_046469.jpg,sub-026,batch1,train,2
images/train/subject_sub-026_frame_049625.jpg,sub-026,batch1,train,2
images/train/subject_sub-026_frame_057657.jpg,sub-026,batch1,train,2
images/train/subject_sub-026_frame_060761.jpg,sub-026,batch1,train,2
images/train/subject_sub-026_frame_063864.jpg,sub-026,batch1,train,2
images/train/subject_sub-026_frame_066968.jpg,sub-026,batch1,train,2
images/train/subject_sub-026_frame_070071.jpg,sub-026,batch1,train,2
images/train/subject_sub-027_frame_036813.jpg,sub-027,batch1,train,2
images/train/subject_sub-027_frame_040025.jpg,sub-027,batch1,train,2
images/train/subject_sub-027_frame_043238.jpg,sub-027,batch1,train,2
images/train/subject_sub-027_frame_059056.jpg,sub-027,batch1,train,2
images/train/subject_sub-027_frame_063343.jpg,sub-027,batch1,train,1
images/train/subject_sub-027_frame_067629.jpg,sub-027,batch1,train,1
images/train/subject_sub-027_frame_071913.jpg,sub-027,batch1,train,1
images/train/subject_sub-027_frame_076196.jpg,sub-027,batch1,train,2
images/val/subject_sub-028_frame_015129.jpg,sub-028,batch1,val,2
images/val/subject_sub-028_frame_018423.jpg,sub-028,batch1,val,2
images/val/subject_sub-028_frame_021717.jpg,sub-028,batch1,val,2
images/val/subject_sub-028_frame_025011.jpg,sub-028,batch1,val,2
images/val/subject_sub-028_frame_028305.jpg,sub-028,batch1,val,2
images/val/subject_sub-028_frame_037203.jpg,sub-028,batch1,val,2
images/val/subject_sub-028_frame_040384.jpg,sub-028,batch1,val,2
images/val/subject_sub-028_frame_043567.jpg,sub-028,batch1,val,2
images/val/subject_sub-028_frame_046748.jpg,sub-028,batch1,val,2
images/val/subject_sub-028_frame_049931.jpg,sub-028,batch1,val,2
images/val/subject_sub-028_frame_058932.jpg,sub-028,batch1,val,2
images/val/subject_sub-028_frame_062043.jpg,sub-028,batch1,val,2
images/val/subject_sub-028_frame_065153.jpg,sub-028,batch1,val,2
images/val/subject_sub-028_frame_068263.jpg,sub-028,batch1,val,2
images/val/subject_sub-028_frame_071374.jpg,sub-028,batch1,val,2
images/train/subject_sub-029_frame_012082.jpg,sub-029,batch1,train,2
images/train/subject_sub-029_frame_015314.jpg,sub-029,batch1,train,2
images/train/subject_sub-029_frame_018547.jpg,sub-029,batch1,train,2
images/train/subject_sub-029_frame_021778.jpg,sub-029,batch1,train,2
images/train/subject_sub-029_frame_025010.jpg,sub-029,batch1,train,2
images/train/subject_sub-029_frame_034784.jpg,sub-029,batch1,train,2
images/train/subject_sub-029_frame_038960.jpg,sub-029,batch1,train,2
images/train/subject_sub-029_frame_043136.jpg,sub-029,batch1,train,2
images/train/subject_sub-029_frame_047311.jpg,sub-029,batch1,train,2
images/train/subject_sub-029_frame_060993.jpg,sub-029,batch1,train,2
images/train/subject_sub-029_frame_064257.jpg,sub-029,batch1,train,2
images/train/subject_sub-029_frame_067522.jpg,sub-029,batch1,train,2
images/train/subject_sub-029_frame_070786.jpg,sub-029,batch1,train,2
images/train/subject_sub-029_frame_074051.jpg,sub-029,batch1,train,2
images/val/subject_sub-030_frame_034905.jpg,sub-030,batch1,val,2
images/val/subject_sub-030_frame_038103.jpg,sub-030,batch1,val,2
images/val/subject_sub-030_frame_041299.jpg,sub-030,batch1,val,2
images/val/subject_sub-030_frame_044497.jpg,sub-030,batch1,val,2
images/val/subject_sub-030_frame_047693.jpg,sub-030,batch1,val,1
images/val/subject_sub-030_frame_056500.jpg,sub-030,batch1,val,2
images/val/subject_sub-030_frame_059721.jpg,sub-030,batch1,val,2
images/val/subject_sub-030_frame_062942.jpg,sub-030,batch1,val,2
images/val/subject_sub-030_frame_066163.jpg,sub-030,batch1,val,1
images/test/subject_sub-9504_frame_015079.jpg,sub-9504,batch1,test,2
images/test/subject_sub-9504_frame_018588.jpg,sub-9504,batch1,test,2
images/test/subject_sub-9504_frame_022096.jpg,sub-9504,batch1,test,2
images/test/subject_sub-9504_frame_025569.jpg,sub-9504,batch1,test,2
images/test/subject_sub-9504_frame_029079.jpg,sub-9504,batch1,test,2
images/test/subject_sub-9504_frame_037441.jpg,sub-9504,batch1,test,2
images/test/subject_sub-9504_frame_040809.jpg,sub-9504,batch1,test,2
images/test/subject_sub-9504_frame_044174.jpg,sub-9504,batch1,test,2
images/test/subject_sub-9504_frame_047542.jpg,sub-9504,batch1,test,2
images/test/subject_sub-9504_frame_050908.jpg,sub-9504,batch1,test,2
images/test/subject_sub-9504_frame_059288.jpg,sub-9504,batch1,test,2
images/test/subject_sub-9504_frame_062593.jpg,sub-9504,batch1,test,2
images/test/subject_sub-9504_frame_065897.jpg,sub-9504,batch1,test,2
images/test/subject_sub-9504_frame_069202.jpg,sub-9504,batch1,test,2
images/test/subject_sub-9504_frame_072504.jpg,sub-9504,batch1,test,2
images/train/subject_sub-031_frame_012173.jpg,sub-031,batch2,train,2
images/train/subject_sub-031_frame_015547.jpg,sub-031,batch2,train,2
images/train/subject_sub-031_frame_018921.jpg,sub-031,batch2,train,2
images/train/subject_sub-031_frame_022295.jpg,sub-031,batch2,train,2
images/train/subject_sub-031_frame_025670.jpg,sub-031,batch2,train,2
images/train/subject_sub-031_frame_033934.jpg,sub-031,batch2,train,2
images/train/subject_sub-031_frame_037227.jpg,sub-031,batch2,train,2
images/train/subject_sub-031_frame_040522.jpg,sub-031,batch2,train,2
images/train/subject_sub-031_frame_043816.jpg,sub-031,batch2,train,2
images/train/subject_sub-031_frame_046671.jpg,sub-031,batch2,train,2
images/test/subject_sub-032_frame_012512.jpg,sub-032,batch2,test,2
images/test/subject_sub-032_frame_015752.jpg,sub-032,batch2,test,2
images/test/subject_sub-032_frame_018991.jpg,sub-032,batch2,test,2
images/test/subject_sub-032_frame_022231.jpg,sub-032,batch2,test,2
images/test/subject_sub-032_frame_025471.jpg,sub-032,batch2,test,2
images/test/subject_sub-032_frame_037297.jpg,sub-032,batch2,test,2
images/test/subject_sub-032_frame_040469.jpg,sub-032,batch2,test,2
images/test/subject_sub-032_frame_043643.jpg,sub-032,batch2,test,2
images/test/subject_sub-032_frame_046816.jpg,sub-032,batch2,test,2
images/test/subject_sub-032_frame_049989.jpg,sub-032,batch2,test,2
images/train/subject_sub-033_frame_013868.jpg,sub-033,batch2,train,2
images/train/subject_sub-033_frame_017375.jpg,sub-033,batch2,train,2
images/train/subject_sub-033_frame_020883.jpg,sub-033,batch2,train,2
images/train/subject_sub-033_frame_024390.jpg,sub-033,batch2,train,2
images/train/subject_sub-033_frame_027897.jpg,sub-033,batch2,train,2
images/train/subject_sub-033_frame_036945.jpg,sub-033,batch2,train,2
images/train/subject_sub-033_frame_040334.jpg,sub-033,batch2,train,2
images/train/subject_sub-033_frame_043724.jpg,sub-033,batch2,train,2
images/train/subject_sub-033_frame_047113.jpg,sub-033,batch2,train,2
images/train/subject_sub-033_frame_050503.jpg,sub-033,batch2,train,2
images/train/subject_sub-034_frame_011581.jpg,sub-034,batch2,train,2
images/train/subject_sub-034_frame_014889.jpg,sub-034,batch2,train,2
images/train/subject_sub-034_frame_018196.jpg,sub-034,batch2,train,2
images/train/subject_sub-034_frame_021502.jpg,sub-034,batch2,train,2
images/train/subject_sub-034_frame_024809.jpg,sub-034,batch2,train,2
images/train/subject_sub-034_frame_033765.jpg,sub-034,batch2,train,2
images/train/subject_sub-034_frame_037006.jpg,sub-034,batch2,train,2
images/train/subject_sub-034_frame_040245.jpg,sub-034,batch2,train,2
images/train/subject_sub-034_frame_043486.jpg,sub-034,batch2,train,2
images/train/subject_sub-034_frame_046726.jpg,sub-034,batch2,train,2
images/val/subject_sub-035_frame_012922.jpg,sub-035,batch2,val,2
images/val/subject_sub-035_frame_016246.jpg,sub-035,batch2,val,2
images/val/subject_sub-035_frame_019570.jpg,sub-035,batch2,val,2
images/val/subject_sub-035_frame_022894.jpg,sub-035,batch2,val,2
images/val/subject_sub-035_frame_026219.jpg,sub-035,batch2,val,2
images/val/subject_sub-035_frame_034648.jpg,sub-035,batch2,val,2
images/val/subject_sub-035_frame_037894.jpg,sub-035,batch2,val,2
images/val/subject_sub-035_frame_041142.jpg,sub-035,batch2,val,2
images/val/subject_sub-035_frame_044388.jpg,sub-035,batch2,val,2
images/val/subject_sub-035_frame_047634.jpg,sub-035,batch2,val,2
images/train/subject_sub-036_frame_014831.jpg,sub-036,batch2,train,2
images/train/subject_sub-036_frame_018282.jpg,sub-036,batch2,train,2
images/train/subject_sub-036_frame_021733.jpg,sub-036,batch2,train,2
images/train/subject_sub-036_frame_025184.jpg,sub-036,batch2,train,2
images/train/subject_sub-036_frame_028635.jpg,sub-036,batch2,train,2
images/train/subject_sub-036_frame_037443.jpg,sub-036,batch2,train,2
images/train/subject_sub-036_frame_040657.jpg,sub-036,batch2,train,2
images/train/subject_sub-036_frame_043871.jpg,sub-036,batch2,train,2
images/train/subject_sub-036_frame_047084.jpg,sub-036,batch2,train,2
images/train/subject_sub-036_frame_050298.jpg,sub-036,batch2,train,2
images/train/subject_sub-037_frame_016519.jpg,sub-037,batch2,train,2
images/train/subject_sub-037_frame_020170.jpg,sub-037,batch2,train,2
images/train/subject_sub-037_frame_023823.jpg,sub-037,batch2,train,2
images/train/subject_sub-037_frame_027474.jpg,sub-037,batch2,train,2
images/train/subject_sub-037_frame_031125.jpg,sub-037,batch2,train,2
images/train/subject_sub-037_frame_040198.jpg,sub-037,batch2,train,2
images/train/subject_sub-037_frame_043584.jpg,sub-037,batch2,train,2
images/train/subject_sub-037_frame_046969.jpg,sub-037,batch2,train,2
images/train/subject_sub-037_frame_050353.jpg,sub-037,batch2,train,2
images/train/subject_sub-037_frame_053733.jpg,sub-037,batch2,train,2
images/train/subject_sub-038_frame_017376.jpg,sub-038,batch2,train,2
images/train/subject_sub-038_frame_020518.jpg,sub-038,batch2,train,2
images/train/subject_sub-038_frame_023660.jpg,sub-038,batch2,train,2
images/train/subject_sub-038_frame_026804.jpg,sub-038,batch2,train,2
images/train/subject_sub-038_frame_029946.jpg,sub-038,batch2,train,2
images/train/subject_sub-038_frame_038550.jpg,sub-038,batch2,train,2
images/train/subject_sub-038_frame_041652.jpg,sub-038,batch2,train,2
images/train/subject_sub-038_frame_044753.jpg,sub-038,batch2,train,2
images/train/subject_sub-038_frame_047855.jpg,sub-038,batch2,train,2
images/train/subject_sub-038_frame_050957.jpg,sub-038,batch2,train,2
images/train/subject_sub-039_frame_012683.jpg,sub-039,batch2,train,2
images/train/subject_sub-039_frame_015953.jpg,sub-039,batch2,train,2
images/train/subject_sub-039_frame_019213.jpg,sub-039,batch2,train,2
images/train/subject_sub-039_frame_022483.jpg,sub-039,batch2,train,2
images/train/subject_sub-039_frame_025753.jpg,sub-039,batch2,train,2
images/train/subject_sub-039_frame_034085.jpg,sub-039,batch2,train,2
images/train/subject_sub-039_frame_037282.jpg,sub-039,batch2,train,2
images/train/subject_sub-039_frame_040481.jpg,sub-039,batch2,train,2
images/train/subject_sub-039_frame_043678.jpg,sub-039,batch2,train,2
images/train/subject_sub-039_frame_046876.jpg,sub-039,batch2,train,2
images/train/subject_sub-040_frame_013081.jpg,sub-040,batch2,train,2
images/train/subject_sub-040_frame_016500.jpg,sub-040,batch2,train,2
images/train/subject_sub-040_frame_019920.jpg,sub-040,batch2,train,2
images/train/subject_sub-040_frame_023340.jpg,sub-040,batch2,train,2
images/train/subject_sub-040_frame_026758.jpg,sub-040,batch2,train,2
images/train/subject_sub-040_frame_035277.jpg,sub-040,batch2,train,2
images/train/subject_sub-040_frame_038643.jpg,sub-040,batch2,train,2
images/train/subject_sub-040_frame_042008.jpg,sub-040,batch2,train,2
images/train/subject_sub-040_frame_045375.jpg,sub-040,batch2,train,2
images/train/subject_sub-040_frame_048740.jpg,sub-040,batch2,train,2
images/test/subject_sub-041_frame_008923.jpg,sub-041,batch2,test,2
images/test/subject_sub-041_frame_011985.jpg,sub-041,batch2,test,2
images/test/subject_sub-041_frame_015046.jpg,sub-041,batch2,test,2
images/test/subject_sub-041_frame_018107.jpg,sub-041,batch2,test,2
images/test/subject_sub-041_frame_021169.jpg,sub-041,batch2,test,2
images/test/subject_sub-041_frame_028637.jpg,sub-041,batch2,test,2
images/test/subject_sub-041_frame_031690.jpg,sub-041,batch2,test,2
images/test/subject_sub-041_frame_034744.jpg,sub-041,batch2,test,2
images/test/subject_sub-041_frame_037797.jpg,sub-041,batch2,test,2
images/test/subject_sub-041_frame_040851.jpg,sub-041,batch2,test,2
images/train/subject_sub-042_frame_012540.jpg,sub-042,batch2,train,2
images/train/subject_sub-042_frame_015783.jpg,sub-042,batch2,train,2
images/train/subject_sub-042_frame_019026.jpg,sub-042,batch2,train,2
images/train/subject_sub-042_frame_022270.jpg,sub-042,batch2,train,2
images/train/subject_sub-042_frame_025514.jpg,sub-042,batch2,train,2
images/train/subject_sub-042_frame_033685.jpg,sub-042,batch2,train,2
images/train/subject_sub-042_frame_036868.jpg,sub-042,batch2,train,2
images/train/subject_sub-042_frame_040052.jpg,sub-042,batch2,train,2
images/train/subject_sub-042_frame_043236.jpg,sub-042,batch2,train,2
images/train/subject_sub-042_frame_046421.jpg,sub-042,batch2,train,2
images/train/subject_sub-043_frame_011481.jpg,sub-043,batch2,train,2
images/train/subject_sub-043_frame_014754.jpg,sub-043,batch2,train,2
images/train/subject_sub-043_frame_018029.jpg,sub-043,batch2,train,2
images/train/subject_sub-043_frame_021302.jpg,sub-043,batch2,train,2
images/train/subject_sub-043_frame_024576.jpg,sub-043,batch2,train,2
images/train/subject_sub-043_frame_035550.jpg,sub-043,batch2,train,2
images/train/subject_sub-043_frame_038852.jpg,sub-043,batch2,train,2
images/train/subject_sub-043_frame_042153.jpg,sub-043,batch2,train,2
images/train/subject_sub-043_frame_045454.jpg,sub-043,batch2,train,2
images/train/subject_sub-043_frame_048756.jpg,sub-043,batch2,train,2
images/train/subject_sub-044_frame_012827.jpg,sub-044,batch2,train,2
images/train/subject_sub-044_frame_016046.jpg,sub-044,batch2,train,2
images/train/subject_sub-044_frame_019266.jpg,sub-044,batch2,train,2
images/train/subject_sub-044_frame_022483.jpg,sub-044,batch2,train,2
images/train/subject_sub-044_frame_025703.jpg,sub-044,batch2,train,2
images/train/subject_sub-044_frame_033782.jpg,sub-044,batch2,train,2
images/train/subject_sub-044_frame_036963.jpg,sub-044,batch2,train,2
images/train/subject_sub-044_frame_040143.jpg,sub-044,batch2,train,2
images/train/subject_sub-044_frame_043324.jpg,sub-044,batch2,train,2
images/train/subject_sub-044_frame_046504.jpg,sub-044,batch2,train,2
images/train/subject_sub-045_frame_014434.jpg,sub-045,batch2,train,2
images/train/subject_sub-045_frame_017907.jpg,sub-045,batch2,train,2
images/train/subject_sub-045_frame_021381.jpg,sub-045,batch2,train,2
images/train/subject_sub-045_frame_024854.jpg,sub-045,batch2,train,2
images/train/subject_sub-045_frame_028327.jpg,sub-045,batch2,train,2
images/train/subject_sub-045_frame_037024.jpg,sub-045,batch2,train,2
images/train/subject_sub-045_frame_040407.jpg,sub-045,batch2,train,2
images/train/subject_sub-045_frame_043791.jpg,sub-045,batch2,train,2
images/train/subject_sub-045_frame_047175.jpg,sub-045,batch2,train,2
images/train/subject_sub-045_frame_050558.jpg,sub-045,batch2,train,2
images/train/subject_sub-046_frame_011984.jpg,sub-046,batch2,train,2
images/train/subject_sub-046_frame_015339.jpg,sub-046,batch2,train,2
images/train/subject_sub-046_frame_018694.jpg,sub-046,batch2,train,2
images/train/subject_sub-046_frame_022048.jpg,sub-046,batch2,train,2
images/train/subject_sub-046_frame_025403.jpg,sub-046,batch2,train,2
images/train/subject_sub-046_frame_033992.jpg,sub-046,batch2,train,2
images/train/subject_sub-046_frame_037304.jpg,sub-046,batch2,train,2
images/train/subject_sub-046_frame_040614.jpg,sub-046,batch2,train,2
images/train/subject_sub-046_frame_043925.jpg,sub-046,batch2,train,2
images/train/subject_sub-046_frame_047237.jpg,sub-046,batch2,train,2
images/val/subject_sub-047_frame_017890.jpg,sub-047,batch2,val,2
images/val/subject_sub-047_frame_021269.jpg,sub-047,batch2,val,2
images/val/subject_sub-047_frame_024648.jpg,sub-047,batch2,val,2
images/val/subject_sub-047_frame_028027.jpg,sub-047,batch2,val,2
images/val/subject_sub-047_frame_031406.jpg,sub-047,batch2,val,2
images/val/subject_sub-047_frame_041358.jpg,sub-047,batch2,val,2
images/val/subject_sub-047_frame_044836.jpg,sub-047,batch2,val,2
images/val/subject_sub-047_frame_048313.jpg,sub-047,batch2,val,2
images/val/subject_sub-047_frame_051791.jpg,sub-047,batch2,val,2
images/val/subject_sub-047_frame_055268.jpg,sub-047,batch2,val,2
images/train/subject_sub-048_frame_013582.jpg,sub-048,batch2,train,2
images/train/subject_sub-048_frame_016849.jpg,sub-048,batch2,train,2
images/train/subject_sub-048_frame_020116.jpg,sub-048,batch2,train,2
images/train/subject_sub-048_frame_023384.jpg,sub-048,batch2,train,2
images/train/subject_sub-048_frame_026651.jpg,sub-048,batch2,train,2
images/train/subject_sub-048_frame_035097.jpg,sub-048,batch2,train,2
images/train/subject_sub-048_frame_038397.jpg,sub-048,batch2,train,2
images/train/subject_sub-048_frame_041697.jpg,sub-048,batch2,train,1
images/train/subject_sub-048_frame_044997.jpg,sub-048,batch2,train,2
images/train/subject_sub-048_frame_048298.jpg,sub-048,batch2,train,2
images/train/subject_sub-049_frame_011984.jpg,sub-049,batch2,train,2
images/train/subject_sub-049_frame_015316.jpg,sub-049,batch2,train,2
images/train/subject_sub-049_frame_018646.jpg,sub-049,batch2,train,2
images/train/subject_sub-049_frame_021978.jpg,sub-049,batch2,train,2
images/train/subject_sub-049_frame_025308.jpg,sub-049,batch2,train,2
images/train/subject_sub-049_frame_034917.jpg,sub-049,batch2,train,2
images/train/subject_sub-049_frame_038201.jpg,sub-049,batch2,train,2
images/train/subject_sub-049_frame_041484.jpg,sub-049,batch2,train,2
images/train/subject_sub-049_frame_044767.jpg,sub-049,batch2,train,2
images/train/subject_sub-049_frame_048051.jpg,sub-049,batch2,train,2
images/train/subject_sub-050_frame_014453.jpg,sub-050,batch2,train,2
images/train/subject_sub-050_frame_017801.jpg,sub-050,batch2,train,2
images/train/subject_sub-050_frame_021148.jpg,sub-050,batch2,train,1
images/train/subject_sub-050_frame_024495.jpg,sub-050,batch2,train,1
images/train/subject_sub-050_frame_027843.jpg,sub-050,batch2,train,1
images/train/subject_sub-050_frame_039034.jpg,sub-050,batch2,train,2
images/train/subject_sub-050_frame_042350.jpg,sub-050,batch2,train,2
images/train/subject_sub-050_frame_045667.jpg,sub-050,batch2,train,2
images/train/subject_sub-050_frame_048983.jpg,sub-050,batch2,train,2
images/train/subject_sub-050_frame_052301.jpg,sub-050,batch2,train,2
images/test/subject_sub-051_frame_012138.jpg,sub-051,batch2,test,2
images/test/subject_sub-051_frame_015464.jpg,sub-051,batch2,test,2
images/test/subject_sub-051_frame_018791.jpg,sub-051,batch2,test,2
images/test/subject_sub-051_frame_022117.jpg,sub-051,batch2,test,2
images/test/subject_sub-051_frame_025445.jpg,sub-051,batch2,test,2
images/test/subject_sub-051_frame_033624.jpg,sub-051,batch2,test,2
images/test/subject_sub-051_frame_036854.jpg,sub-051,batch2,test,2
images/test/subject_sub-051_frame_040085.jpg,sub-051,batch2,test,2
images/test/subject_sub-051_frame_043315.jpg,sub-051,batch2,test,2
images/test/subject_sub-051_frame_046546.jpg,sub-051,batch2,test,2
images/val/subject_sub-052_frame_014046.jpg,sub-052,batch2,val,2
images/val/subject_sub-052_frame_017298.jpg,sub-052,batch2,val,2
images/val/subject_sub-052_frame_020551.jpg,sub-052,batch2,val,2
images/val/subject_sub-052_frame_023803.jpg,sub-052,batch2,val,2
images/val/subject_sub-052_frame_027055.jpg,sub-052,batch2,val,2
images/val/subject_sub-052_frame_035350.jpg,sub-052,batch2,val,2
images/val/subject_sub-052_frame_038539.jpg,sub-052,batch2,val,2
images/val/subject_sub-052_frame_041729.jpg,sub-052,batch2,val,2
images/val/subject_sub-052_frame_044919.jpg,sub-052,batch2,val,2
images/val/subject_sub-052_frame_048110.jpg,sub-052,batch2,val,2
images/train/subject_sub-053_frame_015533.jpg,sub-053,batch2,train,2
images/train/subject_sub-053_frame_018749.jpg,sub-053,batch2,train,2
images/train/subject_sub-053_frame_021963.jpg,sub-053,batch2,train,2
images/train/subject_sub-053_frame_025180.jpg,sub-053,batch2,train,2
images/train/subject_sub-053_frame_028396.jpg,sub-053,batch2,train,2
images/train/subject_sub-053_frame_036519.jpg,sub-053,batch2,train,2
images/train/subject_sub-053_frame_039759.jpg,sub-053,batch2,train,2
images/train/subject_sub-053_frame_043000.jpg,sub-053,batch2,train,2
images/train/subject_sub-053_frame_046241.jpg,sub-053,batch2,train,2
images/train/subject_sub-053_frame_049482.jpg,sub-053,batch2,train,2
images/val/subject_sub-054_frame_013220.jpg,sub-054,batch2,val,2
images/val/subject_sub-054_frame_016511.jpg,sub-054,batch2,val,2
images/val/subject_sub-054_frame_019803.jpg,sub-054,batch2,val,2
images/val/subject_sub-054_frame_023095.jpg,sub-054,batch2,val,2
images/val/subject_sub-054_frame_026385.jpg,sub-054,batch2,val,2
images/val/subject_sub-054_frame_034609.jpg,sub-054,batch2,val,2
images/val/subject_sub-054_frame_037746.jpg,sub-054,batch2,val,2
images/val/subject_sub-054_frame_040883.jpg,sub-054,batch2,val,2
images/val/subject_sub-054_frame_044021.jpg,sub-054,batch2,val,2
images/val/subject_sub-054_frame_047158.jpg,sub-054,batch2,val,2
images/test/subject_sub-055_frame_012645.jpg,sub-055,batch2,test,2
images/test/subject_sub-055_frame_015908.jpg,sub-055,batch2,test,2
images/test/subject_sub-055_frame_019171.jpg,sub-055,batch2,test,2
images/test/subject_sub-055_frame_022434.jpg,sub-055,batch2,test,2
images/test/subject_sub-055_frame_025697.jpg,sub-055,batch2,test,2
images/test/subject_sub-055_frame_033956.jpg,sub-055,batch2,test,2
images/test/subject_sub-055_frame_037112.jpg,sub-055,batch2,test,2
images/test/subject_sub-055_frame_040269.jpg,sub-055,batch2,test,2
images/test/subject_sub-055_frame_043425.jpg,sub-055,batch2,test,2
images/test/subject_sub-055_frame_046581.jpg,sub-055,batch2,test,1
images/train/subject_sub-061_frame_014782.jpg,sub-061,batch2,train,2
images/train/subject_sub-061_frame_018048.jpg,sub-061,batch2,train,2
images/train/subject_sub-061_frame_021314.jpg,sub-061,batch2,train,2
images/train/subject_sub-061_frame_024580.jpg,sub-061,batch2,train,2
images/train/subject_sub-061_frame_027846.jpg,sub-061,batch2,train,2
images/train/subject_sub-061_frame_037360.jpg,sub-061,batch2,train,2
images/train/subject_sub-061_frame_040681.jpg,sub-061,batch2,train,2
images/train/subject_sub-061_frame_044002.jpg,sub-061,batch2,train,2
images/train/subject_sub-061_frame_047323.jpg,sub-061,batch2,train,2
images/train/subject_sub-061_frame_050645.jpg,sub-061,batch2,train,2
